Prob. Real Authors,Truth Ratio Real Authors,Prob. Real World,Truth Ratio Real World,Prob. Retain,Truth Ratio Retain,Prob. Forget,Truth Ratio Forget,Model Utility,Forget Quality,Method,Submitted By
0.34421552196260935,0.41830158055250727,0.3758908402757544,0.4369706970591122,0.8651222212887378,0.4355562398296873,0.6270292139159027,0.48453478831260915,0.43807045750908574,0.0012708143485281624,temp,Marylou_Alireza
