Prob. Real Authors,Truth Ratio Real Authors,Prob. Real World,Truth Ratio Real World,Prob. Retain,Truth Ratio Retain,Prob. Forget,Truth Ratio Forget,Model Utility,Forget Quality,Method,Submitted By
0.3261727164165154,0.4002634741960586,0.35968843090185565,0.4522131549533967,0.913399530132789,0.32921887725738364,0.8781037355814757,0.6985526913922268,0.4084953617076875,0.003018184077228396,temp,Marylou_Alireza
