Prob. Real Authors,Truth Ratio Real Authors,Prob. Real World,Truth Ratio Real World,Prob. Retain,Truth Ratio Retain,Prob. Forget,Truth Ratio Forget,Model Utility,Forget Quality,Method,Submitted By
0.37974501017065826,0.48335518914863235,0.3661520978757469,0.4559896745897846,0.8133318778809857,0.4634495114257615,0.6862696001470292,0.5713045003842099,0.4610561866079481,0.02860307028023343,temp,Marylou_Alireza
