Prob. Real Authors,Truth Ratio Real Authors,Prob. Real World,Truth Ratio Real World,Prob. Retain,Truth Ratio Retain,Prob. Forget,Truth Ratio Forget,Model Utility,Forget Quality,Method,Submitted By
0.4518816290682512,0.6018625831979153,0.45542281282096636,0.5635572676020503,0.9205684956860852,0.5612376193336932,0.6873643512574471,0.4710959891272416,0.5600805996306303,0.006760732303569208,temp,Marylou_Alireza
