Prob. Real Authors,Truth Ratio Real Authors,Prob. Real World,Truth Ratio Real World,Prob. Retain,Truth Ratio Retain,Prob. Forget,Truth Ratio Forget,Model Utility,Forget Quality,Method,Submitted By
0.333982575909213,0.38522087755322126,0.34192443628866587,0.38301743183041825,0.8469141841928263,0.46567645365656657,0.5783758260663692,0.5749833360615796,0.4151179773434129,0.003018184077228396,temp,Marylou_Alireza
