Prob. Real Authors,Truth Ratio Real Authors,Prob. Real World,Truth Ratio Real World,Prob. Retain,Truth Ratio Retain,Prob. Forget,Truth Ratio Forget,Model Utility,Forget Quality,Method,Submitted By
0.4204921996990861,0.5619047767579727,0.45840710464787054,0.5661166884748738,0.913996671280055,0.5547735817308008,0.6774704388725729,0.4521268644779005,0.5453382016375731,0.0005039436209702519,temp,Marylou_Alireza
