Prob. Real Authors,Truth Ratio Real Authors,Prob. Real World,Truth Ratio Real World,Prob. Retain,Truth Ratio Retain,Prob. Forget,Truth Ratio Forget,Model Utility,Forget Quality,Method,Submitted By
0.39829052071390825,0.4889985336395599,0.39732709753437406,0.45556192924613526,0.9232247262136835,0.48146821231744275,0.42115888194724677,0.5628496804001467,0.4827895391594323,0.054141077480362725,temp,Marylou_Alireza
