Prob. Real Authors,Truth Ratio Real Authors,Prob. Real World,Truth Ratio Real World,Prob. Retain,Truth Ratio Retain,Prob. Forget,Truth Ratio Forget,Model Utility,Forget Quality,Method,Submitted By
0.39304957686554765,0.48751187913022953,0.4000962510542844,0.4887962478811541,0.8714045259967987,0.5094103287785215,0.28010583244735987,0.5397946125630885,0.4897436315957818,0.006760732303569208,temp,Marylou_Alireza
