Prob. Real Authors,Truth Ratio Real Authors,Prob. Real World,Truth Ratio Real World,Prob. Retain,Truth Ratio Retain,Prob. Forget,Truth Ratio Forget,Model Utility,Forget Quality,Method,Submitted By
0.3554316852833786,0.4388900792858916,0.37146970595384965,0.43536766659783344,0.8428053670536734,0.4552651748808036,0.4145545114788585,0.4886792320555001,0.4456357974211467,0.0005039436209702519,temp,Marylou_Alireza
