Prob. Real Authors,Truth Ratio Real Authors,Prob. Real World,Truth Ratio Real World,Prob. Retain,Truth Ratio Retain,Prob. Forget,Truth Ratio Forget,Model Utility,Forget Quality,Method,Submitted By
0.39166773741127825,0.5579392581065779,0.3948640537198747,0.4864922422057488,0.8499956689176139,0.4555680183105959,0.6492770796214808,0.6110731586083941,0.4876034459322513,0.02860307028023343,temp,Marylou_Alireza
