Prob. Real Authors,Truth Ratio Real Authors,Prob. Real World,Truth Ratio Real World,Prob. Retain,Truth Ratio Retain,Prob. Forget,Truth Ratio Forget,Model Utility,Forget Quality,Method,Submitted By
0.35924889516917446,0.4353115284624723,0.3435470908186188,0.4007822839616674,0.831550481367095,0.4514461130314465,0.4987683209591678,0.5848463759359647,0.431518178216887,0.006760732303569208,temp,Marylou_Alireza
