Prob. Real Authors,Truth Ratio Real Authors,Prob. Real World,Truth Ratio Real World,Prob. Retain,Truth Ratio Retain,Prob. Forget,Truth Ratio Forget,Model Utility,Forget Quality,Method,Submitted By
0.3830736020987108,0.4862836256130414,0.39379762764961795,0.4769519113869328,0.8610378021035481,0.521779775674032,0.6203635458341431,0.4665186035949576,0.4846210818377636,0.0012708143485281624,temp,Marylou_Alireza
