Prob. Real Authors,Truth Ratio Real Authors,Prob. Real World,Truth Ratio Real World,Prob. Retain,Truth Ratio Retain,Prob. Forget,Truth Ratio Forget,Model Utility,Forget Quality,Method,Submitted By
0.38727334322366164,0.5395421415756962,0.4077240056773046,0.5149352180140884,0.6839895151083698,0.46029534247232634,0.0026558534901654513,0.5635988901546052,0.4813578485050325,0.02860307028023343,temp,Marylou_Alireza
