Prob. Real Authors,Truth Ratio Real Authors,Prob. Real World,Truth Ratio Real World,Prob. Retain,Truth Ratio Retain,Prob. Forget,Truth Ratio Forget,Model Utility,Forget Quality,Method,Submitted By
0.37420248476277607,0.4649191903898435,0.382723285722309,0.4617032608921002,0.709858710854474,0.5154009881282484,0.004118295048117419,0.530963640004326,0.4632855314038921,0.404587405685253,temp,Marylou_Alireza
