Prob. Real Authors,Truth Ratio Real Authors,Prob. Real World,Truth Ratio Real World,Prob. Retain,Truth Ratio Retain,Prob. Forget,Truth Ratio Forget,Model Utility,Forget Quality,Method,Submitted By
0.34521346076157594,0.4092485654725631,0.34223510152393377,0.38823254553187214,0.8671156196782157,0.44852921324455125,0.5841658584610079,0.5920964482881514,0.4219182930415784,0.006760732303569208,temp,Marylou_Alireza
