Prob. Real Authors,Truth Ratio Real Authors,Prob. Real World,Truth Ratio Real World,Prob. Retain,Truth Ratio Retain,Prob. Forget,Truth Ratio Forget,Model Utility,Forget Quality,Method,Submitted By
0.39926691365843325,0.5694404498585736,0.4097104912712367,0.5091785961298021,0.8295221604521109,0.44491530226923504,0.5719239791588676,0.6355639378562247,0.495109658399174,0.01430154804770646,temp,Marylou_Alireza
