Prob. Real Authors,Truth Ratio Real Authors,Prob. Real World,Truth Ratio Real World,Prob. Retain,Truth Ratio Retain,Prob. Forget,Truth Ratio Forget,Model Utility,Forget Quality,Method,Submitted By
0.3948718853407049,0.5593448453291738,0.41176559477271946,0.518273846628886,0.8216773588694106,0.4459142713839134,0.6595315030353774,0.6201817757149899,0.49431834079790177,0.054141077480362725,temp,Marylou_Alireza
