Prob. Real Authors,Truth Ratio Real Authors,Prob. Real World,Truth Ratio Real World,Prob. Retain,Truth Ratio Retain,Prob. Forget,Truth Ratio Forget,Model Utility,Forget Quality,Method,Submitted By
0.43564062594525305,0.5801358741029531,0.4514042075825054,0.5545148631316609,0.9359222072348404,0.5486554773541971,0.784016656749033,0.5103075830816813,0.5489983780020095,0.01430154804770646,temp,Marylou_Alireza
