Prob. Real Authors,Truth Ratio Real Authors,Prob. Real World,Truth Ratio Real World,Prob. Retain,Truth Ratio Retain,Prob. Forget,Truth Ratio Forget,Model Utility,Forget Quality,Method,Submitted By
0.31396218347875066,0.3504812943323972,0.3474973892755608,0.4063531701318696,0.8336943787974022,0.4585580842675623,0.5550943799094048,0.5931638671716092,0.40658178978930987,0.006760732303569208,temp,Marylou_Alireza
