Prob. Real Authors,Truth Ratio Real Authors,Prob. Real World,Truth Ratio Real World,Prob. Retain,Truth Ratio Retain,Prob. Forget,Truth Ratio Forget,Model Utility,Forget Quality,Method,Submitted By
0.45959910551422206,0.6160822884413072,0.46158099127737967,0.5683850537949173,0.9224463160577362,0.5485811622101544,0.6712512508060453,0.4379278745833953,0.5643465575258368,0.0005039436209702519,temp,Marylou_Alireza
