Prob. Real Authors,Truth Ratio Real Authors,Prob. Real World,Truth Ratio Real World,Prob. Retain,Truth Ratio Retain,Prob. Forget,Truth Ratio Forget,Model Utility,Forget Quality,Method,Submitted By
0.3466559680688285,0.42020611541129965,0.37063621265651836,0.43315544961107044,0.8322630000100767,0.43714096753585663,0.5247077032668888,0.5228021689063351,0.43603614417108183,0.01430154804770646,temp,Marylou_Alireza
