Prob. Real Authors,Truth Ratio Real Authors,Prob. Real World,Truth Ratio Real World,Prob. Retain,Truth Ratio Retain,Prob. Forget,Truth Ratio Forget,Model Utility,Forget Quality,Method,Submitted By
0.3814287059095369,0.5066242284273594,0.35658320439019775,0.4368374813656514,0.7708760675638328,0.4667847381634199,0.29199203389102846,0.5798081226166778,0.45701446208681157,0.2656871402817289,temp,Marylou_Alireza
