Prob. Real Authors,Truth Ratio Real Authors,Prob. Real World,Truth Ratio Real World,Prob. Retain,Truth Ratio Retain,Prob. Forget,Truth Ratio Forget,Model Utility,Forget Quality,Method,Submitted By
0.4044912091148199,0.5430085361105025,0.4520353843600064,0.566449856065693,0.7358279507974335,0.5453820810086448,0.0015817751614221887,0.510372054467743,0.5224650804507771,0.054141077480362725,temp,Marylou_Alireza
