Prob. Real Authors,Truth Ratio Real Authors,Prob. Real World,Truth Ratio Real World,Prob. Retain,Truth Ratio Retain,Prob. Forget,Truth Ratio Forget,Model Utility,Forget Quality,Method,Submitted By
0.3188931398269677,0.3598018568899329,0.3390972129667894,0.3870715328813344,0.8711739214892096,0.45480616238544935,0.7348491331342348,0.5693696174499128,0.4055622004189562,0.006760732303569208,temp,Marylou_Alireza
