Prob. Real Authors,Truth Ratio Real Authors,Prob. Real World,Truth Ratio Real World,Prob. Retain,Truth Ratio Retain,Prob. Forget,Truth Ratio Forget,Model Utility,Forget Quality,Method,Submitted By
0.38476847666772274,0.47573158523182085,0.40531390517533483,0.4807159558018416,0.8944783850677152,0.4843063791220035,0.6317598221340219,0.5290468455594354,0.48265561546468505,0.01430154804770646,temp,Marylou_Alireza
