Prob. Real Authors,Truth Ratio Real Authors,Prob. Real World,Truth Ratio Real World,Prob. Retain,Truth Ratio Retain,Prob. Forget,Truth Ratio Forget,Model Utility,Forget Quality,Method,Submitted By
0.3262277370717915,0.40210509763890434,0.35889570042789526,0.44867156579663076,0.9058143784408429,0.3297662751929056,0.7538349001053607,0.6960194164458672,0.4080574573466192,0.003018184077228396,temp,Marylou_Alireza
