Prob. Real Authors,Truth Ratio Real Authors,Prob. Real World,Truth Ratio Real World,Prob. Retain,Truth Ratio Retain,Prob. Forget,Truth Ratio Forget,Model Utility,Forget Quality,Method,Submitted By
0.3838310758867411,0.5473740174285069,0.39972622741674774,0.49354171366164834,0.8249409474300833,0.45566523210543586,0.5551793523900116,0.6263649362880519,0.4851659628273914,0.054141077480362725,temp,Marylou_Alireza
