Prob. Real Authors,Truth Ratio Real Authors,Prob. Real World,Truth Ratio Real World,Prob. Retain,Truth Ratio Retain,Prob. Forget,Truth Ratio Forget,Model Utility,Forget Quality,Method,Submitted By
0.44719312803927913,0.5934983492597279,0.45631774484753834,0.5561447043181176,0.9260955268641246,0.5513991616021201,0.2866150964981681,0.5337201140504179,0.5553491495658521,0.054141077480362725,temp,Marylou_Alireza
