Prob. Real Authors,Truth Ratio Real Authors,Prob. Real World,Truth Ratio Real World,Prob. Retain,Truth Ratio Retain,Prob. Forget,Truth Ratio Forget,Model Utility,Forget Quality,Method,Submitted By
0.38291595315403365,0.5435375074299107,0.40859355414254317,0.5079139545505632,0.7824980451796185,0.4410651313386637,0.34218063225710765,0.6246827192662973,0.4833722670252622,0.16497269950224194,temp,Marylou_Alireza
