Prob. Real Authors,Truth Ratio Real Authors,Prob. Real World,Truth Ratio Real World,Prob. Retain,Truth Ratio Retain,Prob. Forget,Truth Ratio Forget,Model Utility,Forget Quality,Method,Submitted By
0.3242876625755756,0.39469065452495733,0.3630061966244208,0.4577857520835045,0.9119968540367819,0.32239486235103487,0.8192780404631252,0.7045775878724021,0.40664746628681964,0.006760732303569208,temp,Marylou_Alireza
