Prob. Real Authors,Truth Ratio Real Authors,Prob. Real World,Truth Ratio Real World,Prob. Retain,Truth Ratio Retain,Prob. Forget,Truth Ratio Forget,Model Utility,Forget Quality,Method,Submitted By
0.3906634984427983,0.4792925997402802,0.3927930955982831,0.45919740475262977,0.8763191192153839,0.47698676104417326,0.2833330855779165,0.5460770209272853,0.47591213541205035,0.01430154804770646,temp,Marylou_Alireza
