Prob. Real Authors,Truth Ratio Real Authors,Prob. Real World,Truth Ratio Real World,Prob. Retain,Truth Ratio Retain,Prob. Forget,Truth Ratio Forget,Model Utility,Forget Quality,Method,Submitted By
0.3408593439070674,0.4024709190813301,0.33171419771560606,0.38918086999492646,0.7230680223601736,0.45642752607845233,0.007099795068703618,0.655302465387568,0.41162201561200906,0.404587405685253,temp,Marylou_Alireza
