Prob. Real Authors,Truth Ratio Real Authors,Prob. Real World,Truth Ratio Real World,Prob. Retain,Truth Ratio Retain,Prob. Forget,Truth Ratio Forget,Model Utility,Forget Quality,Method,Submitted By
0.35852251307375155,0.43376687339430864,0.3506209482356322,0.4083310291497943,0.8422059542463416,0.4475671676752706,0.44999234593550347,0.5683559858811214,0.4342367679287808,0.00018791118070078278,temp,Marylou_Alireza
