Prob. Real Authors,Truth Ratio Real Authors,Prob. Real World,Truth Ratio Real World,Prob. Retain,Truth Ratio Retain,Prob. Forget,Truth Ratio Forget,Model Utility,Forget Quality,Method,Submitted By
0.350196793075156,0.4254948905911884,0.3348955344520773,0.3852541230629414,0.8588372114978501,0.45686895482421214,0.4547327825864301,0.6018994263969895,0.42430974346973777,0.01430154804770646,temp,Marylou_Alireza
