Prob. Real Authors,Truth Ratio Real Authors,Prob. Real World,Truth Ratio Real World,Prob. Retain,Truth Ratio Retain,Prob. Forget,Truth Ratio Forget,Model Utility,Forget Quality,Method,Submitted By
0.3527987346860978,0.4187388000824114,0.3445340650064214,0.40149808827923744,0.8346808262644164,0.4627524769069987,0.6418324158223163,0.5624583845039571,0.4293445986426198,0.0012708143485281624,temp,Marylou_Alireza
