Prob. Real Authors,Truth Ratio Real Authors,Prob. Real World,Truth Ratio Real World,Prob. Retain,Truth Ratio Retain,Prob. Forget,Truth Ratio Forget,Model Utility,Forget Quality,Method,Submitted By
0.3466920107103742,0.42925079184548204,0.3433369510811955,0.3794984410361325,0.8253909287699466,0.4246089207348082,0.5895103498936092,0.6009312441651621,0.4187502988631606,0.01430154804770646,temp,Marylou_Alireza
