Prob. Real Authors,Truth Ratio Real Authors,Prob. Real World,Truth Ratio Real World,Prob. Retain,Truth Ratio Retain,Prob. Forget,Truth Ratio Forget,Model Utility,Forget Quality,Method,Submitted By
0.38095982798232675,0.544817000186712,0.40027969895524096,0.49979405567127694,0.8259251436671449,0.46018756219921014,0.7351435672080789,0.5988912095229088,0.4860938635707737,0.0012708143485281624,temp,Marylou_Alireza
