Prob. Real Authors,Truth Ratio Real Authors,Prob. Real World,Truth Ratio Real World,Prob. Retain,Truth Ratio Retain,Prob. Forget,Truth Ratio Forget,Model Utility,Forget Quality,Method,Submitted By
0.38801927683863907,0.5563045257629249,0.4040370592800559,0.5056176315984965,0.8062792684233472,0.44187214399150887,0.6203302400169053,0.6392899606483452,0.4865812685103817,0.01430154804770646,temp,Marylou_Alireza
