Prob. Real Authors,Truth Ratio Real Authors,Prob. Real World,Truth Ratio Real World,Prob. Retain,Truth Ratio Retain,Prob. Forget,Truth Ratio Forget,Model Utility,Forget Quality,Method,Submitted By
0.3245096584505848,0.3856139437633901,0.3682939814362463,0.43158437412802214,0.8792357841251264,0.4417065234714853,0.7137904239896,0.5334405938213616,0.4252784419135739,0.02860307028023343,temp,Marylou_Alireza
