Prob. Real Authors,Truth Ratio Real Authors,Prob. Real World,Truth Ratio Real World,Prob. Retain,Truth Ratio Retain,Prob. Forget,Truth Ratio Forget,Model Utility,Forget Quality,Method,Submitted By
0.37679472022476107,0.4876129638783383,0.36319254101650605,0.4554406959273875,0.8183980298367751,0.46786909404365107,0.503253177134484,0.5951871190193214,0.4610753573124124,0.16497269950224194,temp,Marylou_Alireza
