Prob. Real Authors,Truth Ratio Real Authors,Prob. Real World,Truth Ratio Real World,Prob. Retain,Truth Ratio Retain,Prob. Forget,Truth Ratio Forget,Model Utility,Forget Quality,Method,Submitted By
0.3313841775478801,0.3897519126342474,0.3741634288605883,0.43639331355171157,0.8428425738567745,0.4281965596344854,0.5903472659965958,0.5378093103842212,0.42645871357393167,0.02860307028023343,temp,Marylou_Alireza
