Prob. Real Authors,Truth Ratio Real Authors,Prob. Real World,Truth Ratio Real World,Prob. Retain,Truth Ratio Retain,Prob. Forget,Truth Ratio Forget,Model Utility,Forget Quality,Method,Submitted By
0.41529956035896454,0.523540962807451,0.39975649859288787,0.4891846190109139,0.8750484893902191,0.5262668344994157,0.5934390911645625,0.4497587845099781,0.503918722638543,0.0012708143485281624,temp,Marylou_Alireza
