Prob. Real Authors,Truth Ratio Real Authors,Prob. Real World,Truth Ratio Real World,Prob. Retain,Truth Ratio Retain,Prob. Forget,Truth Ratio Forget,Model Utility,Forget Quality,Method,Submitted By
0.3485497370951534,0.4535599009301503,0.34372283152830013,0.37845950543562956,0.702077471124106,0.4631055884747959,0.0019862256078963516,0.6676520613748165,0.4222645481274247,0.16497269950224194,temp,Marylou_Alireza
