Prob. Real Authors,Truth Ratio Real Authors,Prob. Real World,Truth Ratio Real World,Prob. Retain,Truth Ratio Retain,Prob. Forget,Truth Ratio Forget,Model Utility,Forget Quality,Method,Submitted By
0.37911690828877675,0.48690792581253134,0.36564023192764905,0.449893245536849,0.8223384747132093,0.4685532343882036,0.7454195460316912,0.5352640832693645,0.4615584508122943,0.01430154804770646,temp,Marylou_Alireza
