Prob. Real Authors,Truth Ratio Real Authors,Prob. Real World,Truth Ratio Real World,Prob. Retain,Truth Ratio Retain,Prob. Forget,Truth Ratio Forget,Model Utility,Forget Quality,Method,Submitted By
0.3376280237921858,0.4049303588650676,0.36652845796422373,0.4214520253060041,0.8741180093069795,0.443377870669159,0.6998927743957424,0.4616113304757242,0.4306671431497847,0.0012708143485281624,temp,Marylou_Alireza
