Prob. Real Authors,Truth Ratio Real Authors,Prob. Real World,Truth Ratio Real World,Prob. Retain,Truth Ratio Retain,Prob. Forget,Truth Ratio Forget,Model Utility,Forget Quality,Method,Submitted By
0.3480722165190123,0.4282039898729153,0.3485996286366795,0.3836466420673957,0.831138768106623,0.4265253852273173,0.6015733581209665,0.5939219036676722,0.42160936159704776,0.01430154804770646,temp,Marylou_Alireza
