Prob. Real Authors,Truth Ratio Real Authors,Prob. Real World,Truth Ratio Real World,Prob. Retain,Truth Ratio Retain,Prob. Forget,Truth Ratio Forget,Model Utility,Forget Quality,Method,Submitted By
0.32485827028737185,0.3673070653654644,0.3423757793333491,0.38350056006700206,0.8596627981037781,0.4473876987452482,0.6081013603006985,0.5714273670723594,0.40739964601092615,0.0012708143485281624,temp,Marylou_Alireza
