Prob. Real Authors,Truth Ratio Real Authors,Prob. Real World,Truth Ratio Real World,Prob. Retain,Truth Ratio Retain,Prob. Forget,Truth Ratio Forget,Model Utility,Forget Quality,Method,Submitted By
0.41237679842268876,0.5192999291680991,0.3997825103051955,0.46747352838366224,0.9090301117586196,0.495129456081765,0.6288688453564054,0.5328319699113465,0.4954213929707652,0.02860307028023343,temp,Marylou_Alireza
