Prob. Real Authors,Truth Ratio Real Authors,Prob. Real World,Truth Ratio Real World,Prob. Retain,Truth Ratio Retain,Prob. Forget,Truth Ratio Forget,Model Utility,Forget Quality,Method,Submitted By
0.373323656994884,0.4695043691322425,0.38346564878144435,0.4513562629772521,0.8815005786097203,0.5157870346620624,0.24538015867878094,0.5246955264245019,0.47225127686686713,0.01430154804770646,temp,Marylou_Alireza
