Prob. Real Authors,Truth Ratio Real Authors,Prob. Real World,Truth Ratio Real World,Prob. Retain,Truth Ratio Retain,Prob. Forget,Truth Ratio Forget,Model Utility,Forget Quality,Method,Submitted By
0.39620762801075593,0.49219947711954665,0.3964457895711738,0.4573017353075776,0.9317143432502705,0.48185813574221453,0.7791443667858096,0.5323108869459962,0.48334985797278956,0.054141077480362725,temp,Marylou_Alireza
