Prob. Real Authors,Truth Ratio Real Authors,Prob. Real World,Truth Ratio Real World,Prob. Retain,Truth Ratio Retain,Prob. Forget,Truth Ratio Forget,Model Utility,Forget Quality,Method,Submitted By
0.34385988120136124,0.4273781065854795,0.3453250952257883,0.3830529837180629,0.8579363811730738,0.43519940181663314,0.6733907684206695,0.552195673772316,0.4220055792264434,0.0012708143485281624,temp,Marylou_Alireza
