Prob. Real Authors,Truth Ratio Real Authors,Prob. Real World,Truth Ratio Real World,Prob. Retain,Truth Ratio Retain,Prob. Forget,Truth Ratio Forget,Model Utility,Forget Quality,Method,Submitted By
0.34453753040256296,0.40216451704515366,0.3432687332533416,0.3832075758927455,0.8418359471653108,0.4481209278772862,0.550470782492102,0.5840548235890359,0.4186690782819116,0.003018184077228396,temp,Marylou_Alireza
