Prob. Real Authors,Truth Ratio Real Authors,Prob. Real World,Truth Ratio Real World,Prob. Retain,Truth Ratio Retain,Prob. Forget,Truth Ratio Forget,Model Utility,Forget Quality,Method,Submitted By
0.347372260992219,0.44260859917293743,0.3478967319764318,0.38440732371350717,0.8290212187270456,0.44633375914813683,0.5290091939463791,0.5550959671244228,0.42672342376095523,0.006760732303569208,temp,Marylou_Alireza
