Prob. Real Authors,Truth Ratio Real Authors,Prob. Real World,Truth Ratio Real World,Prob. Retain,Truth Ratio Retain,Prob. Forget,Truth Ratio Forget,Model Utility,Forget Quality,Method,Submitted By
0.3419242770605141,0.42319962217002294,0.3532991473467006,0.3975784378259326,0.8342303452843606,0.4302441064327182,0.6019591916412548,0.5645131468741045,0.42384146876552775,0.0012708143485281624,temp,Marylou_Alireza
