Prob. Real Authors,Truth Ratio Real Authors,Prob. Real World,Truth Ratio Real World,Prob. Retain,Truth Ratio Retain,Prob. Forget,Truth Ratio Forget,Model Utility,Forget Quality,Method,Submitted By
0.4264665827716287,0.5634478121491413,0.44777914491680454,0.5560701974234827,0.8791991368869273,0.5475334029028638,0.3384778086555766,0.5023534882893841,0.5398117402514654,0.01430154804770646,temp,Marylou_Alireza
