Prob. Real Authors,Truth Ratio Real Authors,Prob. Real World,Truth Ratio Real World,Prob. Retain,Truth Ratio Retain,Prob. Forget,Truth Ratio Forget,Model Utility,Forget Quality,Method,Submitted By
0.3985984585436709,0.5697958872307782,0.40097384451626494,0.48782070354608603,0.8327540073156814,0.4582777615999129,0.6482066966893486,0.6005789175204072,0.49218314038343974,0.006760732303569208,temp,Marylou_Alireza
