Prob. Real Authors,Truth Ratio Real Authors,Prob. Real World,Truth Ratio Real World,Prob. Retain,Truth Ratio Retain,Prob. Forget,Truth Ratio Forget,Model Utility,Forget Quality,Method,Submitted By
0.32724411434609524,0.40097763237736056,0.3603643839816036,0.4511720483348449,0.9092153617498029,0.3154774022902016,0.7829448083697852,0.7130088659900667,0.4051099386118326,0.01430154804770646,temp,Marylou_Alireza
