Prob. Real Authors,Truth Ratio Real Authors,Prob. Real World,Truth Ratio Real World,Prob. Retain,Truth Ratio Retain,Prob. Forget,Truth Ratio Forget,Model Utility,Forget Quality,Method,Submitted By
0.4448580721268182,0.5976802764311915,0.45431297998542836,0.5679665619319229,0.8912601929880611,0.5362698358985484,0.4548620705826877,0.5134075719424482,0.551999463385741,0.02860307028023343,temp,Marylou_Alireza
