Prob. Real Authors,Truth Ratio Real Authors,Prob. Real World,Truth Ratio Real World,Prob. Retain,Truth Ratio Retain,Prob. Forget,Truth Ratio Forget,Model Utility,Forget Quality,Method,Submitted By
0.3269363226129229,0.3741421537197578,0.3367747001044994,0.3690780853079704,0.8366665468112707,0.44400057674307747,0.6111165377003287,0.5821390778119817,0.4038297312622682,0.02860307028023343,temp,Marylou_Alireza
