Prob. Real Authors,Truth Ratio Real Authors,Prob. Real World,Truth Ratio Real World,Prob. Retain,Truth Ratio Retain,Prob. Forget,Truth Ratio Forget,Model Utility,Forget Quality,Method,Submitted By
0.39113059186515814,0.47537834651233873,0.3992392657979799,0.4633060084200356,0.8790953701799509,0.46909214588485776,0.5021436851905253,0.5631887673817179,0.47646451514948696,0.02860307028023343,temp,Marylou_Alireza
