Prob. Real Authors,Truth Ratio Real Authors,Prob. Real World,Truth Ratio Real World,Prob. Retain,Truth Ratio Retain,Prob. Forget,Truth Ratio Forget,Model Utility,Forget Quality,Method,Submitted By
0.3400617462323471,0.4244094626642408,0.34866427635709324,0.3849729444297114,0.8629633619898953,0.44087011438550916,0.6265772429118546,0.5800486592233364,0.4228457735697368,0.01430154804770646,temp,Marylou_Alireza
