Prob. Real Authors,Truth Ratio Real Authors,Prob. Real World,Truth Ratio Real World,Prob. Retain,Truth Ratio Retain,Prob. Forget,Truth Ratio Forget,Model Utility,Forget Quality,Method,Submitted By
0.3306232753734544,0.3971198874774214,0.370682284790313,0.4356104435225007,0.8723973748571288,0.44149567151808,0.7311655218300138,0.49256312888133513,0.4301885277377915,0.0012708143485281624,temp,Marylou_Alireza
