Prob. Real Authors,Truth Ratio Real Authors,Prob. Real World,Truth Ratio Real World,Prob. Retain,Truth Ratio Retain,Prob. Forget,Truth Ratio Forget,Model Utility,Forget Quality,Method,Submitted By
0.3942184926396594,0.4903502350228121,0.39395925541748966,0.4727068024910532,0.8595893618753869,0.5104889371983128,0.5786557994138379,0.47094295060564734,0.4857479411088277,0.006760732303569208,temp,Marylou_Alireza
