Prob. Real Authors,Truth Ratio Real Authors,Prob. Real World,Truth Ratio Real World,Prob. Retain,Truth Ratio Retain,Prob. Forget,Truth Ratio Forget,Model Utility,Forget Quality,Method,Submitted By
0.3794609174828441,0.46603712096218963,0.38835888605502905,0.463865984257224,0.9082847362058325,0.5161084201551356,0.8177754061796305,0.4751837952182177,0.4780740892125522,0.0005039436209702519,temp,Marylou_Alireza
