Prob. Real Authors,Truth Ratio Real Authors,Prob. Real World,Truth Ratio Real World,Prob. Retain,Truth Ratio Retain,Prob. Forget,Truth Ratio Forget,Model Utility,Forget Quality,Method,Submitted By
0.3178268752094741,0.3594781188666144,0.34376307046815685,0.3832737529713933,0.8722802916884591,0.4618115513635999,0.7638463161341669,0.5802467465595429,0.40655736653193353,0.006760732303569208,temp,Marylou_Alireza
