Prob. Real Authors,Truth Ratio Real Authors,Prob. Real World,Truth Ratio Real World,Prob. Retain,Truth Ratio Retain,Prob. Forget,Truth Ratio Forget,Model Utility,Forget Quality,Method,Submitted By
0.372698773532396,0.4720972213068432,0.36234730107887525,0.4470902559168337,0.8522823114802566,0.4684527013486236,0.4126208405453008,0.5921885374936613,0.4578120412028621,0.404587405685253,temp,Marylou_Alireza
