Prob. Real Authors,Truth Ratio Real Authors,Prob. Real World,Truth Ratio Real World,Prob. Retain,Truth Ratio Retain,Prob. Forget,Truth Ratio Forget,Model Utility,Forget Quality,Method,Submitted By
0.3732480083395923,0.480310585972381,0.3572046505120457,0.44620571452290514,0.8241077361803159,0.4712617577820267,0.6322988382345776,0.5926977881525299,0.4567182963639604,0.16497269950224194,temp,Marylou_Alireza
