Prob. Real Authors,Truth Ratio Real Authors,Prob. Real World,Truth Ratio Real World,Prob. Retain,Truth Ratio Retain,Prob. Forget,Truth Ratio Forget,Model Utility,Forget Quality,Method,Submitted By
0.44871051805795403,0.598513456678928,0.4563939648864786,0.561759344534112,0.9203322278326713,0.548007368436572,0.6306251209154545,0.48903493780490503,0.556483914071346,0.006760732303569208,temp,Marylou_Alireza
