Prob. Real Authors,Truth Ratio Real Authors,Prob. Real World,Truth Ratio Real World,Prob. Retain,Truth Ratio Retain,Prob. Forget,Truth Ratio Forget,Model Utility,Forget Quality,Method,Submitted By
0.3810163504072871,0.5378405623762575,0.40142100237623635,0.49608305201887204,0.8243458063795791,0.44831619964177555,0.6639561800622061,0.6068108499325968,0.48253078984029885,0.003018184077228396,temp,Marylou_Alireza
