Prob. Real Authors,Truth Ratio Real Authors,Prob. Real World,Truth Ratio Real World,Prob. Retain,Truth Ratio Retain,Prob. Forget,Truth Ratio Forget,Model Utility,Forget Quality,Method,Submitted By
0.33856078792101324,0.422914524341312,0.34278291844354886,0.37785117083799813,0.858239463716981,0.4448551038114115,0.6760673498290626,0.5468075300486592,0.4197223285544636,0.0005039436209702519,temp,Marylou_Alireza
