Prob. Real Authors,Truth Ratio Real Authors,Prob. Real World,Truth Ratio Real World,Prob. Retain,Truth Ratio Retain,Prob. Forget,Truth Ratio Forget,Model Utility,Forget Quality,Method,Submitted By
0.3873590080823002,0.49736448935445743,0.37739836836313506,0.4711074854706703,0.8368025758843877,0.4648562939810006,0.3017788834592171,0.5439888061143026,0.47203998357221205,0.09707484379785862,temp,Marylou_Alireza
