Prob. Real Authors,Truth Ratio Real Authors,Prob. Real World,Truth Ratio Real World,Prob. Retain,Truth Ratio Retain,Prob. Forget,Truth Ratio Forget,Model Utility,Forget Quality,Method,Submitted By
0.3708777392870049,0.44944053876708634,0.33701051467201976,0.38722400601056134,0.8513777101132933,0.4631082392090993,0.5185593811741459,0.5755649059081026,0.43462718287008356,0.01430154804770646,temp,Marylou_Alireza
