Prob. Real Authors,Truth Ratio Real Authors,Prob. Real World,Truth Ratio Real World,Prob. Retain,Truth Ratio Retain,Prob. Forget,Truth Ratio Forget,Model Utility,Forget Quality,Method,Submitted By
0.370983033768171,0.4561188565978741,0.38374137851131507,0.4580242518545891,0.8352077632380202,0.5011752620526837,0.03247112554962182,0.608608008765627,0.46620839355165267,0.404587405685253,temp,Marylou_Alireza
