Prob. Real Authors,Truth Ratio Real Authors,Prob. Real World,Truth Ratio Real World,Prob. Retain,Truth Ratio Retain,Prob. Forget,Truth Ratio Forget,Model Utility,Forget Quality,Method,Submitted By
0.3131379356235639,0.37177234482897165,0.3301390073856615,0.370865955430585,0.7550598740668917,0.45608861756029134,0.0070932091993124,0.6588254425870737,0.39667657092923836,0.5786001416508443,temp,Marylou_Alireza
