Prob. Real Authors,Truth Ratio Real Authors,Prob. Real World,Truth Ratio Real World,Prob. Retain,Truth Ratio Retain,Prob. Forget,Truth Ratio Forget,Model Utility,Forget Quality,Method,Submitted By
0.3930195800087375,0.4870904066716654,0.39204769295972414,0.4745824679310414,0.8983282325076126,0.5138023332263119,0.4248457576493999,0.5345818164491976,0.4872230818937048,0.02860307028023343,temp,Marylou_Alireza
