Prob. Real Authors,Truth Ratio Real Authors,Prob. Real World,Truth Ratio Real World,Prob. Retain,Truth Ratio Retain,Prob. Forget,Truth Ratio Forget,Model Utility,Forget Quality,Method,Submitted By
0.3885309117806222,0.47547562402084326,0.3899883943818768,0.4663760636934972,0.8940398332692865,0.5199280257458316,0.7009624572059244,0.4611967549552899,0.48281237048708,0.0012708143485281624,temp,Marylou_Alireza
