Prob. Real Authors,Truth Ratio Real Authors,Prob. Real World,Truth Ratio Real World,Prob. Retain,Truth Ratio Retain,Prob. Forget,Truth Ratio Forget,Model Utility,Forget Quality,Method,Submitted By
0.38821221907655795,0.4966390355848258,0.365261336835938,0.4526206405991778,0.8074783593727689,0.4583044330330036,0.6273834113329348,0.5759072936357169,0.46307208181891435,0.16497269950224194,temp,Marylou_Alireza
