Prob. Real Authors,Truth Ratio Real Authors,Prob. Real World,Truth Ratio Real World,Prob. Retain,Truth Ratio Retain,Prob. Forget,Truth Ratio Forget,Model Utility,Forget Quality,Method,Submitted By
0.3227943680586651,0.39940975011361557,0.35627054691247456,0.4541325099284837,0.8268232856401793,0.3517690559446514,0.04489437235152062,0.7292472058066535,0.4092010043017193,0.16497269950224194,temp,Marylou_Alireza
