Prob. Real Authors,Truth Ratio Real Authors,Prob. Real World,Truth Ratio Real World,Prob. Retain,Truth Ratio Retain,Prob. Forget,Truth Ratio Forget,Model Utility,Forget Quality,Method,Submitted By
0.3262769032483663,0.3868747957007334,0.370120468769891,0.4345714601990859,0.8705120380368391,0.4484478721601405,0.6087712462227982,0.4750151167848634,0.427615395175551,0.003018184077228396,temp,Marylou_Alireza
