Prob. Real Authors,Truth Ratio Real Authors,Prob. Real World,Truth Ratio Real World,Prob. Retain,Truth Ratio Retain,Prob. Forget,Truth Ratio Forget,Model Utility,Forget Quality,Method,Submitted By
0.4045617115666552,0.49565200778136187,0.39538285030839476,0.45074253595325087,0.8960702199414001,0.4699471109926215,0.5889291943048589,0.5173069936837953,0.4807309456317517,0.01430154804770646,temp,Marylou_Alireza
