Prob. Real Authors,Truth Ratio Real Authors,Prob. Real World,Truth Ratio Real World,Prob. Retain,Truth Ratio Retain,Prob. Forget,Truth Ratio Forget,Model Utility,Forget Quality,Method,Submitted By
0.3317561043311836,0.3924734085920527,0.3679707287261963,0.44099866372147817,0.7461339453035748,0.45144464184027777,0.010072695086071084,0.520393252253063,0.4254490322646183,0.02860307028023343,temp,Marylou_Alireza
