Prob. Real Authors,Truth Ratio Real Authors,Prob. Real World,Truth Ratio Real World,Prob. Retain,Truth Ratio Retain,Prob. Forget,Truth Ratio Forget,Model Utility,Forget Quality,Method,Submitted By
0.32787865905845487,0.40613729280188227,0.360503465476576,0.45444836881018974,0.9144171390817584,0.328848468963087,0.7503586653924378,0.6898552066829784,0.4103684839584628,0.01430154804770646,temp,Marylou_Alireza
