Prob. Real Authors,Truth Ratio Real Authors,Prob. Real World,Truth Ratio Real World,Prob. Retain,Truth Ratio Retain,Prob. Forget,Truth Ratio Forget,Model Utility,Forget Quality,Method,Submitted By
0.34379325590402593,0.4094895502133786,0.34106788453654324,0.3952103446654292,0.8575634464079452,0.4638168237740397,0.6648172658193452,0.5818938269694657,0.4244730363079024,0.01430154804770646,temp,Marylou_Alireza
