Prob. Real Authors,Truth Ratio Real Authors,Prob. Real World,Truth Ratio Real World,Prob. Retain,Truth Ratio Retain,Prob. Forget,Truth Ratio Forget,Model Utility,Forget Quality,Method,Submitted By
0.40580206900955856,0.5397273280487478,0.44203273787701997,0.5419222036654472,0.907351713267617,0.5503013291073473,0.3213618084244415,0.5118019026543196,0.5289187728264089,0.01430154804770646,temp,Marylou_Alireza
