Prob. Real Authors,Truth Ratio Real Authors,Prob. Real World,Truth Ratio Real World,Prob. Retain,Truth Ratio Retain,Prob. Forget,Truth Ratio Forget,Model Utility,Forget Quality,Method,Submitted By
0.377735966561487,0.4737297868952222,0.391048491520674,0.46939275267536257,0.8537226837913202,0.5052398816529019,0.4336120617954965,0.5259963694410452,0.4763228659535333,0.02860307028023343,temp,Marylou_Alireza
