Prob. Real Authors,Truth Ratio Real Authors,Prob. Real World,Truth Ratio Real World,Prob. Retain,Truth Ratio Retain,Prob. Forget,Truth Ratio Forget,Model Utility,Forget Quality,Method,Submitted By
0.3173064151548765,0.35531438755559575,0.3439680665345951,0.38183703024507876,0.8665217485637267,0.45540727732203273,0.6169153550808459,0.5676826466234257,0.4042587973462425,0.003018184077228396,temp,Marylou_Alireza
