Prob. Real Authors,Truth Ratio Real Authors,Prob. Real World,Truth Ratio Real World,Prob. Retain,Truth Ratio Retain,Prob. Forget,Truth Ratio Forget,Model Utility,Forget Quality,Method,Submitted By
0.36971775204318447,0.4814930028705893,0.35939230488179436,0.457756894077395,0.6953664225316419,0.4660369631352962,0.0025893421019785694,0.6575104040365359,0.4500273496590196,0.16497269950224194,temp,Marylou_Alireza
