Prob. Real Authors,Truth Ratio Real Authors,Prob. Real World,Truth Ratio Real World,Prob. Retain,Truth Ratio Retain,Prob. Forget,Truth Ratio Forget,Model Utility,Forget Quality,Method,Submitted By
0.33138395971782153,0.4108048209833502,0.3568972281248146,0.4552509808926406,0.909715693419314,0.30578613344508837,0.8022497778763629,0.7081862690028335,0.40486061641735477,0.054141077480362725,temp,Marylou_Alireza
