Prob. Real Authors,Truth Ratio Real Authors,Prob. Real World,Truth Ratio Real World,Prob. Retain,Truth Ratio Retain,Prob. Forget,Truth Ratio Forget,Model Utility,Forget Quality,Method,Submitted By
0.40197355216752134,0.49966520331041925,0.3964704703453911,0.46046034151399706,0.9185135591286897,0.49105641601953565,0.678908433517788,0.5292241171323705,0.48747977167739576,0.006760732303569208,temp,Marylou_Alireza
