Prob. Real Authors,Truth Ratio Real Authors,Prob. Real World,Truth Ratio Real World,Prob. Retain,Truth Ratio Retain,Prob. Forget,Truth Ratio Forget,Model Utility,Forget Quality,Method,Submitted By
0.3871398940768891,0.49956199308710814,0.35221586350969397,0.43039029934652423,0.8186144982734871,0.470427432626521,0.6680942875803846,0.5615235457240766,0.4581991705310427,0.16497269950224194,temp,Marylou_Alireza
