Prob. Real Authors,Truth Ratio Real Authors,Prob. Real World,Truth Ratio Real World,Prob. Retain,Truth Ratio Retain,Prob. Forget,Truth Ratio Forget,Model Utility,Forget Quality,Method,Submitted By
0.33158964291043724,0.412790560548774,0.3604048247692156,0.4580530564812101,0.9006348817102497,0.31725554576956766,0.8435646326220931,0.694674050148498,0.4093192826835439,0.006760732303569208,temp,Marylou_Alireza
