Prob. Real Authors,Truth Ratio Real Authors,Prob. Real World,Truth Ratio Real World,Prob. Retain,Truth Ratio Retain,Prob. Forget,Truth Ratio Forget,Model Utility,Forget Quality,Method,Submitted By
0.32751381281190867,0.3966362485423246,0.3634509439174131,0.45670319868487586,0.9249783868158378,0.3076332875618937,0.8598281290411569,0.7163377761743597,0.40411532865603456,0.054141077480362725,temp,Marylou_Alireza
