Prob. Real Authors,Truth Ratio Real Authors,Prob. Real World,Truth Ratio Real World,Prob. Retain,Truth Ratio Retain,Prob. Forget,Truth Ratio Forget,Model Utility,Forget Quality,Method,Submitted By
0.3196659405537288,0.3616831699940733,0.34096374533974083,0.38385046393231465,0.8366258569707,0.4600672415447082,0.6413859057129716,0.551335340308981,0.40540448647297744,0.006760732303569208,temp,Marylou_Alireza
