Prob. Real Authors,Truth Ratio Real Authors,Prob. Real World,Truth Ratio Real World,Prob. Retain,Truth Ratio Retain,Prob. Forget,Truth Ratio Forget,Model Utility,Forget Quality,Method,Submitted By
0.39101680779485043,0.478678128118753,0.40286031216143503,0.4676093719451142,0.8695032885153284,0.47585679333018194,0.2372736861716552,0.5272811091366096,0.4792767573422578,0.01430154804770646,temp,Marylou_Alireza
