Prob. Real Authors,Truth Ratio Real Authors,Prob. Real World,Truth Ratio Real World,Prob. Retain,Truth Ratio Retain,Prob. Forget,Truth Ratio Forget,Model Utility,Forget Quality,Method,Submitted By
0.3230844621383595,0.39372896316806566,0.3581186481561966,0.45017109954741885,0.930250021001489,0.32178475033361004,0.8640271022912256,0.6977068075691413,0.4045476648343734,0.02860307028023343,temp,Marylou_Alireza
