Prob. Real Authors,Truth Ratio Real Authors,Prob. Real World,Truth Ratio Real World,Prob. Retain,Truth Ratio Retain,Prob. Forget,Truth Ratio Forget,Model Utility,Forget Quality,Method,Submitted By
0.3507049515643454,0.4315662882331889,0.35076871724947245,0.3963599349750759,0.8672223874424738,0.42911785819295006,0.6547167119942646,0.5644827050827107,0.42778154702047144,0.0012708143485281624,temp,Marylou_Alireza
