Prob. Real Authors,Truth Ratio Real Authors,Prob. Real World,Truth Ratio Real World,Prob. Retain,Truth Ratio Retain,Prob. Forget,Truth Ratio Forget,Model Utility,Forget Quality,Method,Submitted By
0.329135897088463,0.38945988020282,0.370831255465025,0.44278357518003214,0.8449655478237212,0.4463056518979841,0.5767601475319044,0.5208740899732801,0.42902808567190537,0.0005039436209702519,temp,Marylou_Alireza
