Prob. Real Authors,Truth Ratio Real Authors,Prob. Real World,Truth Ratio Real World,Prob. Retain,Truth Ratio Retain,Prob. Forget,Truth Ratio Forget,Model Utility,Forget Quality,Method,Submitted By
0.3516367075782347,0.42425617402618987,0.34018553259990625,0.3928689689318775,0.8730476507414427,0.4585552886690341,0.6879876673857837,0.5750420256910956,0.42820329876841473,0.006760732303569208,temp,Marylou_Alireza
