Prob. Real Authors,Truth Ratio Real Authors,Prob. Real World,Truth Ratio Real World,Prob. Retain,Truth Ratio Retain,Prob. Forget,Truth Ratio Forget,Model Utility,Forget Quality,Method,Submitted By
0.31741302943941646,0.3633313858942773,0.3404640232946395,0.3822224488402641,0.8698681291338538,0.4614447067752069,0.7201870868796652,0.5852532950384302,0.4061482875497911,0.006760732303569208,temp,Marylou_Alireza
