Prob. Real Authors,Truth Ratio Real Authors,Prob. Real World,Truth Ratio Real World,Prob. Retain,Truth Ratio Retain,Prob. Forget,Truth Ratio Forget,Model Utility,Forget Quality,Method,Submitted By
0.3366821831619425,0.4147053469935071,0.3484426213212213,0.3866045041243894,0.8670894939795492,0.436933305030092,0.6427360364505572,0.5420769172705281,0.4201678085733705,0.0012708143485281624,temp,Marylou_Alireza
