Prob. Real Authors,Truth Ratio Real Authors,Prob. Real World,Truth Ratio Real World,Prob. Retain,Truth Ratio Retain,Prob. Forget,Truth Ratio Forget,Model Utility,Forget Quality,Method,Submitted By
0.3319343562555555,0.3792203385351154,0.3516415194512695,0.4003797186296565,0.9308475921368162,0.44328652821447606,0.9215787067955816,0.5693869166623973,0.41895829666787626,0.0012708143485281624,temp,Marylou_Alireza
