Prob. Real Authors,Truth Ratio Real Authors,Prob. Real World,Truth Ratio Real World,Prob. Retain,Truth Ratio Retain,Prob. Forget,Truth Ratio Forget,Model Utility,Forget Quality,Method,Submitted By
0.4159251924371244,0.5209135314609383,0.4109091877241945,0.49459057111080146,0.9553821230023715,0.5123151816597273,0.94533807244365,0.4806838659276197,0.5094195908240264,0.0005039436209702519,temp,Marylou_Alireza
