Prob. Real Authors,Truth Ratio Real Authors,Prob. Real World,Truth Ratio Real World,Prob. Retain,Truth Ratio Retain,Prob. Forget,Truth Ratio Forget,Model Utility,Forget Quality,Method,Submitted By
0.3688407786252693,0.4466230798150094,0.3658490163873145,0.42376896112574797,0.9332420820185672,0.45714308319961316,0.08192666776970126,0.6878696618018076,0.4510464918058663,1.0,temp,Marylou_Alireza
