Prob. Real Authors,Truth Ratio Real Authors,Prob. Real World,Truth Ratio Real World,Prob. Retain,Truth Ratio Retain,Prob. Forget,Truth Ratio Forget,Model Utility,Forget Quality,Method,Submitted By
0.33524713701176745,0.38840529107528515,0.37561755423663495,0.4319906049176485,0.9427822749570839,0.4322278989695023,0.9079632190362694,0.5094023231452505,0.4313773397570004,0.003018184077228396,temp,Marylou_Alireza
