Prob. Real Authors,Truth Ratio Real Authors,Prob. Real World,Truth Ratio Real World,Prob. Retain,Truth Ratio Retain,Prob. Forget,Truth Ratio Forget,Model Utility,Forget Quality,Method,Submitted By
0.4381606945440039,0.5512791289459869,0.4091571763967822,0.4813536827163933,0.968381455297596,0.47883798908594327,0.0958174546938219,0.6895098133321902,0.511125769049184,1.0,temp,Marylou_Alireza
