Prob. Real Authors,Truth Ratio Real Authors,Prob. Real World,Truth Ratio Real World,Prob. Retain,Truth Ratio Retain,Prob. Forget,Truth Ratio Forget,Model Utility,Forget Quality,Method,Submitted By
0.4064216702031681,0.5071620399484568,0.40797508285695544,0.49188990927965714,0.9565151556804662,0.5124757477089704,0.07664930635411368,0.6551305838653632,0.5036458067539977,1.0,temp,Marylou_Alireza
