Prob. Real Authors,Truth Ratio Real Authors,Prob. Real World,Truth Ratio Real World,Prob. Retain,Truth Ratio Retain,Prob. Forget,Truth Ratio Forget,Model Utility,Forget Quality,Method,Submitted By
0.3898732927819333,0.4963266169370414,0.3763506474715561,0.4522653259702868,0.920449247114518,0.4629494158326159,0.9300988131295631,0.5486591364049545,0.4726487847854271,0.01430154804770646,temp,Marylou_Alireza
