Prob. Real Authors,Truth Ratio Real Authors,Prob. Real World,Truth Ratio Real World,Prob. Retain,Truth Ratio Retain,Prob. Forget,Truth Ratio Forget,Model Utility,Forget Quality,Method,Submitted By
0.4179586544730812,0.5297767743504794,0.3842285306802668,0.46425402125793014,0.9201012100017788,0.454510591601576,0.10330337165629613,0.6650312306008674,0.48686339962598374,1.0,temp,Marylou_Alireza
