Prob. Real Authors,Truth Ratio Real Authors,Prob. Real World,Truth Ratio Real World,Prob. Retain,Truth Ratio Retain,Prob. Forget,Truth Ratio Forget,Model Utility,Forget Quality,Method,Submitted By
0.4170655456767449,0.5674326760653448,0.40853193146855993,0.5012902497448547,0.9214777434109287,0.45077919078133893,0.13406621159203297,0.7377940511719541,0.5039364133408174,1.0,temp,Marylou_Alireza
