column,bleu
question,63.41376175094389
answer,68.05501914000696
GLOBAL_AVERAGE,66.73646859244535
