column,bleu
question,53.95300142372253
answer,56.81578919485844
GLOBAL_AVERAGE,56.01225325224629
