column,bleu
question,57.1866716970032
answer,57.85780789862426
GLOBAL_AVERAGE,57.67075740943511
