column,bleu
question,57.963552193885256
answer,61.57267361422578
GLOBAL_AVERAGE,60.564332455492064
