column,bleu
question,58.58399181761784
answer,63.96832585043554
GLOBAL_AVERAGE,62.46608989170613
