column,bleu
question,67.15405744858387
answer,70.07232367542099
GLOBAL_AVERAGE,69.24419669226204
