column,bleu
question,61.67407931689264
answer,63.71011878834124
GLOBAL_AVERAGE,63.14438378100464
