column,bleu
question,54.43600184471396
answer,54.00356640228182
GLOBAL_AVERAGE,54.14766424262171
