column,bleu
question,70.10159947804787
answer,71.88416171036849
GLOBAL_AVERAGE,71.38208441694877
