Prob. Real Authors,Truth Ratio Real Authors,Prob. Real World,Truth Ratio Real World,Prob. Retain,Truth Ratio Retain,Prob. Forget,Truth Ratio Forget,Model Utility,Forget Quality,Method,Submitted By
0.3288889135229832,0.3934916449775379,0.34021855088181585,0.3838742262074221,0.9953625542597063,0.43900677273447514,0.9798169728863269,0.5856112432286327,0.41641434323827203,0.0005039436209702519,temp,Marylou_Alireza
