Prob. Real Authors,Truth Ratio Real Authors,Prob. Real World,Truth Ratio Real World,Prob. Retain,Truth Ratio Retain,Prob. Forget,Truth Ratio Forget,Model Utility,Forget Quality,Method,Submitted By
0.34863965961671567,0.42437613506454996,0.364175593802666,0.4186204007626323,0.927903430149432,0.4287055769345024,0.8573258329529274,0.5834554064089014,0.4357387122817689,0.0012708143485281624,temp,Marylou_Alireza
