Prob. Real Authors,Truth Ratio Real Authors,Prob. Real World,Truth Ratio Real World,Prob. Retain,Truth Ratio Retain,Prob. Forget,Truth Ratio Forget,Model Utility,Forget Quality,Method,Submitted By
0.4027704014070362,0.5486302783647815,0.41440880177356504,0.5018761870022574,0.912198780246419,0.45389282502735867,0.8571402200913709,0.6187138770059323,0.4995612086499955,0.0012708143485281624,temp,Marylou_Alireza
