Prob. Real Authors,Truth Ratio Real Authors,Prob. Real World,Truth Ratio Real World,Prob. Retain,Truth Ratio Retain,Prob. Forget,Truth Ratio Forget,Model Utility,Forget Quality,Method,Submitted By
0.33355066597466104,0.38624885013022286,0.34801774581763745,0.3905132958915814,0.9220385527480485,0.4408099229437034,0.845539160487856,0.578033984237689,0.41741152770487217,0.0005039436209702519,temp,Marylou_Alireza
