Prob. Real Authors,Truth Ratio Real Authors,Prob. Real World,Truth Ratio Real World,Prob. Retain,Truth Ratio Retain,Prob. Forget,Truth Ratio Forget,Model Utility,Forget Quality,Method,Submitted By
0.4033479633809074,0.5512940518931267,0.4196034921807242,0.5054485156912132,0.9100006074062725,0.45385669346240787,0.7570277211007781,0.628653311165227,0.5017962174781431,0.0005039436209702519,temp,Marylou_Alireza
