Prob. Real Authors,Truth Ratio Real Authors,Prob. Real World,Truth Ratio Real World,Prob. Retain,Truth Ratio Retain,Prob. Forget,Truth Ratio Forget,Model Utility,Forget Quality,Method,Submitted By
0.3922052653239065,0.5021588677956226,0.37614083826241257,0.45224979754008104,0.9114295033753964,0.4611057320279163,0.8628996828053808,0.5475163755420404,0.4733089062321506,0.02860307028023343,temp,Marylou_Alireza
