Prob. Real Authors,Truth Ratio Real Authors,Prob. Real World,Truth Ratio Real World,Prob. Retain,Truth Ratio Retain,Prob. Forget,Truth Ratio Forget,Model Utility,Forget Quality,Method,Submitted By
0.32457154092689505,0.38305870314575413,0.356825217267155,0.42812072235975424,0.9662078558376095,0.28370058163820416,0.9373118473118767,0.734381156576766,0.38987241393534344,0.054141077480362725,temp,Marylou_Alireza
