Prob. Real Authors,Truth Ratio Real Authors,Prob. Real World,Truth Ratio Real World,Prob. Retain,Truth Ratio Retain,Prob. Forget,Truth Ratio Forget,Model Utility,Forget Quality,Method,Submitted By
0.48744027108791793,0.6370196697752785,0.48653364958039147,0.5895061535068704,0.9707364576389179,0.5610960409152687,0.803575228607772,0.5007562356366894,0.5890780873657511,0.0012708143485281624,temp,Marylou_Alireza
