Prob. Real Authors,Truth Ratio Real Authors,Prob. Real World,Truth Ratio Real World,Prob. Retain,Truth Ratio Retain,Prob. Forget,Truth Ratio Forget,Model Utility,Forget Quality,Method,Submitted By
0.344445575939525,0.4104869021703666,0.3565057644042281,0.40073824788726836,0.9286974008802918,0.43279635018089074,0.8341940568380629,0.5845112155762713,0.4277441010807471,0.003018184077228396,temp,Marylou_Alireza
