Prob. Real Authors,Truth Ratio Real Authors,Prob. Real World,Truth Ratio Real World,Prob. Retain,Truth Ratio Retain,Prob. Forget,Truth Ratio Forget,Model Utility,Forget Quality,Method,Submitted By
0.33669688775810946,0.38747442805839794,0.37560223840713813,0.4298502579102995,0.932516174336588,0.43203782880566705,0.8451259343141061,0.5317425472394655,0.4308299632746751,0.003018184077228396,temp,Marylou_Alireza
