Prob. Real Authors,Truth Ratio Real Authors,Prob. Real World,Truth Ratio Real World,Prob. Retain,Truth Ratio Retain,Prob. Forget,Truth Ratio Forget,Model Utility,Forget Quality,Method,Submitted By
0.41884796029774113,0.5253871840975273,0.4139377041191662,0.49895213461420795,0.9510576688813728,0.5117883184068237,0.8404991447061164,0.5130742700466724,0.5121081190122113,0.003018184077228396,temp,Marylou_Alireza
