Prob. Real Authors,Truth Ratio Real Authors,Prob. Real World,Truth Ratio Real World,Prob. Retain,Truth Ratio Retain,Prob. Forget,Truth Ratio Forget,Model Utility,Forget Quality,Method,Submitted By
0.34511392881562747,0.41079132293690424,0.3588110670457428,0.40397943858817387,0.9118170041054507,0.4345903264930695,0.22632324930637107,0.6708937359687648,0.4288163341462034,0.054141077480362725,temp,Marylou_Alireza
