Prob. Real Authors,Truth Ratio Real Authors,Prob. Real World,Truth Ratio Real World,Prob. Retain,Truth Ratio Retain,Prob. Forget,Truth Ratio Forget,Model Utility,Forget Quality,Method,Submitted By
0.41360416320536947,0.5188805975973168,0.4101001319614826,0.49085930836264685,0.9502117796727232,0.5107300398740006,0.9222507649985184,0.49666032258637693,0.5071402249992225,0.0012708143485281624,temp,Marylou_Alireza
