Prob. Real Authors,Truth Ratio Real Authors,Prob. Real World,Truth Ratio Real World,Prob. Retain,Truth Ratio Retain,Prob. Forget,Truth Ratio Forget,Model Utility,Forget Quality,Method,Submitted By
0.42957674460406275,0.5337082479679836,0.4078467413994023,0.4741238708448713,0.9670563072589434,0.4798956112458417,0.9070230968339714,0.5027165246851845,0.5050308248132177,0.0012708143485281624,temp,Marylou_Alireza
