Prob. Real Authors,Truth Ratio Real Authors,Prob. Real World,Truth Ratio Real World,Prob. Retain,Truth Ratio Retain,Prob. Forget,Truth Ratio Forget,Model Utility,Forget Quality,Method,Submitted By
0.3466119831839857,0.4164631578910405,0.36017586681762087,0.40943451855921226,0.9304664350055635,0.4336807588360088,0.8666311694056358,0.562321173276245,0.43210135439819314,0.0005039436209702519,temp,Marylou_Alireza
