Prob. Real Authors,Truth Ratio Real Authors,Prob. Real World,Truth Ratio Real World,Prob. Retain,Truth Ratio Retain,Prob. Forget,Truth Ratio Forget,Model Utility,Forget Quality,Method,Submitted By
0.42357793229754476,0.5367317427809597,0.41907148597581867,0.5062257732126887,0.9486704926722141,0.5163997467828313,0.8751863763453877,0.48721960934016695,0.5183052122035328,0.0005039436209702519,temp,Marylou_Alireza
