Prob. Real Authors,Truth Ratio Real Authors,Prob. Real World,Truth Ratio Real World,Prob. Retain,Truth Ratio Retain,Prob. Forget,Truth Ratio Forget,Model Utility,Forget Quality,Method,Submitted By
0.39704216329475295,0.5088594818026781,0.379416710102683,0.454635583053316,0.9105289506566996,0.46231520286626077,0.8251221774321345,0.5617165414726852,0.4769368889049199,0.01430154804770646,temp,Marylou_Alireza
