Prob. Real Authors,Truth Ratio Real Authors,Prob. Real World,Truth Ratio Real World,Prob. Retain,Truth Ratio Retain,Prob. Forget,Truth Ratio Forget,Model Utility,Forget Quality,Method,Submitted By
0.40214872676895086,0.5502081621283792,0.41174729941780164,0.49346478253726594,0.9144542623971634,0.44915148782405795,0.862513787586486,0.623311647361078,0.49671892142676927,0.006760732303569208,temp,Marylou_Alireza
