Prob. Real Authors,Truth Ratio Real Authors,Prob. Real World,Truth Ratio Real World,Prob. Retain,Truth Ratio Retain,Prob. Forget,Truth Ratio Forget,Model Utility,Forget Quality,Method,Submitted By
0.38365048007945096,0.4895078082201487,0.3760102935418029,0.4530282119972771,0.912311485800158,0.46135469670212176,0.8821385152756743,0.5515394870241146,0.46948636942978506,0.02860307028023343,temp,Marylou_Alireza
