Prob. Real Authors,Truth Ratio Real Authors,Prob. Real World,Truth Ratio Real World,Prob. Retain,Truth Ratio Retain,Prob. Forget,Truth Ratio Forget,Model Utility,Forget Quality,Method,Submitted By
0.325423170590679,0.3816447071961424,0.3575477938256444,0.42834101598372604,0.9570027497250371,0.2822147333897952,0.5573082133551253,0.7744637690320092,0.3892841091471117,0.054141077480362725,temp,Marylou_Alireza
