Prob. Real Authors,Truth Ratio Real Authors,Prob. Real World,Truth Ratio Real World,Prob. Retain,Truth Ratio Retain,Prob. Forget,Truth Ratio Forget,Model Utility,Forget Quality,Method,Submitted By
0.38866082085290027,0.496161800973802,0.3729967071450785,0.4455278482763694,0.9085717167976526,0.4549844989208978,0.7926020279025823,0.5426168042346685,0.46829516326493875,0.02860307028023343,temp,Marylou_Alireza
