Prob. Real Authors,Truth Ratio Real Authors,Prob. Real World,Truth Ratio Real World,Prob. Retain,Truth Ratio Retain,Prob. Forget,Truth Ratio Forget,Model Utility,Forget Quality,Method,Submitted By
0.33812004776467164,0.3900012456908486,0.3557438045979187,0.406769631987066,0.9226104562813563,0.4443658011657103,0.8145516518770599,0.5690553532019884,0.42476947648337193,0.0012708143485281624,temp,Marylou_Alireza
