Prob. Real Authors,Truth Ratio Real Authors,Prob. Real World,Truth Ratio Real World,Prob. Retain,Truth Ratio Retain,Prob. Forget,Truth Ratio Forget,Model Utility,Forget Quality,Method,Submitted By
0.34018871496051944,0.40778840482095097,0.3588660170062046,0.4048595067891378,0.9287293776958154,0.4344801049951678,0.8346247813326766,0.5910620903840053,0.4277560559912645,0.003018184077228396,temp,Marylou_Alireza
