Prob. Real Authors,Truth Ratio Real Authors,Prob. Real World,Truth Ratio Real World,Prob. Retain,Truth Ratio Retain,Prob. Forget,Truth Ratio Forget,Model Utility,Forget Quality,Method,Submitted By
0.35442802460848,0.42375972234793996,0.35866640794850085,0.4146836319844538,0.9215694996239153,0.45271359903699304,0.8140210341537262,0.5515767190944105,0.43876116787829317,0.0005039436209702519,temp,Marylou_Alireza
