Prob. Real Authors,Truth Ratio Real Authors,Prob. Real World,Truth Ratio Real World,Prob. Retain,Truth Ratio Retain,Prob. Forget,Truth Ratio Forget,Model Utility,Forget Quality,Method,Submitted By
0.3383040863096865,0.4064500032026684,0.35660380645489564,0.40050966574069297,0.9267057707137887,0.43528762604228516,0.829551583904572,0.5744853197134366,0.4257214771264188,0.003018184077228396,temp,Marylou_Alireza
