Prob. Real Authors,Truth Ratio Real Authors,Prob. Real World,Truth Ratio Real World,Prob. Retain,Truth Ratio Retain,Prob. Forget,Truth Ratio Forget,Model Utility,Forget Quality,Method,Submitted By
0.4677229626791708,0.6090862867368678,0.49102232607276175,0.5914870815716456,0.9722569677242628,0.5671429735265502,0.9140679621930874,0.4655856597401523,0.5825920886472045,0.0005039436209702519,temp,Marylou_Alireza
