Prob. Real Authors,Truth Ratio Real Authors,Prob. Real World,Truth Ratio Real World,Prob. Retain,Truth Ratio Retain,Prob. Forget,Truth Ratio Forget,Model Utility,Forget Quality,Method,Submitted By
0.39160870818884197,0.49790894231741945,0.38384879025939633,0.4601767906072113,0.9131158550665063,0.4679293502769276,0.89860942118775,0.5417851851946126,0.47723337679569666,0.006760732303569208,temp,Marylou_Alireza
