Prob. Real Authors,Truth Ratio Real Authors,Prob. Real World,Truth Ratio Real World,Prob. Retain,Truth Ratio Retain,Prob. Forget,Truth Ratio Forget,Model Utility,Forget Quality,Method,Submitted By
0.4459131649447716,0.5633823002290658,0.42200046139575864,0.4982814682488624,0.9585879678499368,0.4800460261808223,0.6771855695262822,0.5096420165912121,0.5208115927708356,0.0005039436209702519,temp,Marylou_Alireza
