Prob. Real Authors,Truth Ratio Real Authors,Prob. Real World,Truth Ratio Real World,Prob. Retain,Truth Ratio Retain,Prob. Forget,Truth Ratio Forget,Model Utility,Forget Quality,Method,Submitted By
0.3283677625250558,0.39105390552332303,0.3571160919861745,0.43340359115252886,0.9665550411597758,0.2848651008651421,0.9447617153594475,0.7273130428208192,0.39331052295695174,0.01430154804770646,temp,Marylou_Alireza
