Prob. Real Authors,Truth Ratio Real Authors,Prob. Real World,Truth Ratio Real World,Prob. Retain,Truth Ratio Retain,Prob. Forget,Truth Ratio Forget,Model Utility,Forget Quality,Method,Submitted By
0.39603625125731184,0.5085817234420555,0.3785190193525234,0.45492984203013165,0.898377927499416,0.46257767344376916,0.25968293911377216,0.5918284288698219,0.4759560335433371,0.16497269950224194,temp,Marylou_Alireza
