Prob. Real Authors,Truth Ratio Real Authors,Prob. Real World,Truth Ratio Real World,Prob. Retain,Truth Ratio Retain,Prob. Forget,Truth Ratio Forget,Model Utility,Forget Quality,Method,Submitted By
0.4322324477302437,0.535737931847174,0.4091842038869683,0.4773476871499352,0.9658452247144058,0.48134000274665856,0.9314728855249284,0.5104803437079667,0.5071059696695087,0.0005039436209702519,temp,Marylou_Alireza
