Prob. Real Authors,Truth Ratio Real Authors,Prob. Real World,Truth Ratio Real World,Prob. Retain,Truth Ratio Retain,Prob. Forget,Truth Ratio Forget,Model Utility,Forget Quality,Method,Submitted By
0.34179365181594845,0.41215210247392375,0.3553830814162529,0.40258243432830343,0.930006258822026,0.4338800230664621,0.8688402509843998,0.5613638388940632,0.4276579184745241,0.0012708143485281624,temp,Marylou_Alireza
