Prob. Real Authors,Truth Ratio Real Authors,Prob. Real World,Truth Ratio Real World,Prob. Retain,Truth Ratio Retain,Prob. Forget,Truth Ratio Forget,Model Utility,Forget Quality,Method,Submitted By
0.3366431318483299,0.39041473986284764,0.3718333801359913,0.4267372521503911,0.9355444281651498,0.43160623247078633,0.8565856833511954,0.53260815629665,0.4300937962312389,0.0012708143485281624,temp,Marylou_Alireza
