Prob. Real Authors,Truth Ratio Real Authors,Prob. Real World,Truth Ratio Real World,Prob. Retain,Truth Ratio Retain,Prob. Forget,Truth Ratio Forget,Model Utility,Forget Quality,Method,Submitted By
0.32722502607758336,0.386527953216975,0.3632373709416133,0.44251177011935944,0.966720867704123,0.29052844022803154,0.9644274887331935,0.7242615458022812,0.3964999061693407,0.006760732303569208,temp,Marylou_Alireza
