Prob. Real Authors,Truth Ratio Real Authors,Prob. Real World,Truth Ratio Real World,Prob. Retain,Truth Ratio Retain,Prob. Forget,Truth Ratio Forget,Model Utility,Forget Quality,Method,Submitted By
0.32887374491130605,0.3765498773001227,0.3493986638961816,0.3971115938612017,0.9247253940614926,0.44037587559005387,0.8941031445044174,0.5757661348441342,0.4158348586232991,0.003018184077228396,temp,Marylou_Alireza
