Prob. Real Authors,Truth Ratio Real Authors,Prob. Real World,Truth Ratio Real World,Prob. Retain,Truth Ratio Retain,Prob. Forget,Truth Ratio Forget,Model Utility,Forget Quality,Method,Submitted By
0.4435824371326406,0.5581127217997426,0.41288565048309933,0.48451880545931,0.9532816895481675,0.4805973763211822,0.3325061735276084,0.5608367866121985,0.5145021759753979,0.006760732303569208,temp,Marylou_Alireza
