Prob. Real Authors,Truth Ratio Real Authors,Prob. Real World,Truth Ratio Real World,Prob. Retain,Truth Ratio Retain,Prob. Forget,Truth Ratio Forget,Model Utility,Forget Quality,Method,Submitted By
0.4821473088137608,0.6227494286188225,0.47784299132320873,0.5774622798708232,0.9728968259392476,0.5533526734964328,0.917713370001526,0.49164575481133915,0.580309313926677,0.0012708143485281624,temp,Marylou_Alireza
