Prob. Real Authors,Truth Ratio Real Authors,Prob. Real World,Truth Ratio Real World,Prob. Retain,Truth Ratio Retain,Prob. Forget,Truth Ratio Forget,Model Utility,Forget Quality,Method,Submitted By
0.363152232225849,0.4394381428384599,0.361567953706697,0.4182524884266268,0.926389963608901,0.45146877520226353,0.8258660050305651,0.5513781086157306,0.445091210654313,0.0012708143485281624,temp,Marylou_Alireza
