Prob. Real Authors,Truth Ratio Real Authors,Prob. Real World,Truth Ratio Real World,Prob. Retain,Truth Ratio Retain,Prob. Forget,Truth Ratio Forget,Model Utility,Forget Quality,Method,Submitted By
0.33942888571016633,0.39882271251200047,0.37604862127889344,0.43128744301413957,0.932853586541978,0.4306234356210673,0.7892582489876749,0.5223559484589761,0.43397852307165863,0.006760732303569208,temp,Marylou_Alireza
