Prob. Real Authors,Truth Ratio Real Authors,Prob. Real World,Truth Ratio Real World,Prob. Retain,Truth Ratio Retain,Prob. Forget,Truth Ratio Forget,Model Utility,Forget Quality,Method,Submitted By
0.3393235510685031,0.39523689059072686,0.35378591295882555,0.4013619486813903,0.9217407199134375,0.4382790184705195,0.8106719100655603,0.5940531860327305,0.42367471206802904,0.006760732303569208,temp,Marylou_Alireza
