Prob. Real Authors,Truth Ratio Real Authors,Prob. Real World,Truth Ratio Real World,Prob. Retain,Truth Ratio Retain,Prob. Forget,Truth Ratio Forget,Model Utility,Forget Quality,Method,Submitted By
0.33913388927484356,0.39460263481619856,0.37631053094461564,0.43187477154998377,0.9373094870172727,0.43135903053013275,0.8815154740885177,0.5124200601166488,0.4334982409848677,0.0012708143485281624,temp,Marylou_Alireza
