Prob. Real Authors,Truth Ratio Real Authors,Prob. Real World,Truth Ratio Real World,Prob. Retain,Truth Ratio Retain,Prob. Forget,Truth Ratio Forget,Model Utility,Forget Quality,Method,Submitted By
0.40973008089996144,0.5650072189424857,0.4164833115273325,0.5036784371766568,0.9113428840246808,0.45446376762255186,0.8252552303506862,0.6210729333368475,0.5044285623699741,0.003018184077228396,temp,Marylou_Alireza
