Prob. Real Authors,Truth Ratio Real Authors,Prob. Real World,Truth Ratio Real World,Prob. Retain,Truth Ratio Retain,Prob. Forget,Truth Ratio Forget,Model Utility,Forget Quality,Method,Submitted By
0.3311578173367724,0.3899149697160053,0.36001530749789484,0.4363721520201369,0.9660856999591328,0.28329647993016943,0.956690061000181,0.7362798550902134,0.39425369021185713,0.054141077480362725,temp,Marylou_Alireza
