Prob. Real Authors,Truth Ratio Real Authors,Prob. Real World,Truth Ratio Real World,Prob. Retain,Truth Ratio Retain,Prob. Forget,Truth Ratio Forget,Model Utility,Forget Quality,Method,Submitted By
0.3274323261000731,0.38618474529411917,0.36041686169097326,0.43573709800530946,0.9664134263562737,0.2849574337678751,0.9498275032713916,0.7450284747259248,0.39326012147710676,0.054141077480362725,temp,Marylou_Alireza
