Prob. Real Authors,Truth Ratio Real Authors,Prob. Real World,Truth Ratio Real World,Prob. Retain,Truth Ratio Retain,Prob. Forget,Truth Ratio Forget,Model Utility,Forget Quality,Method,Submitted By
0.4332264088089505,0.5351182110457934,0.4090450884386503,0.47423429764574865,0.96399826564757,0.4765281140252425,0.8396796368925313,0.5158317663186083,0.5056358690313111,0.003018184077228396,temp,Marylou_Alireza
