Prob. Real Authors,Truth Ratio Real Authors,Prob. Real World,Truth Ratio Real World,Prob. Retain,Truth Ratio Retain,Prob. Forget,Truth Ratio Forget,Model Utility,Forget Quality,Method,Submitted By
0.4287747969920042,0.5478474388227274,0.41880743066385934,0.5019802472817336,0.9444642202046378,0.5127819070977473,0.7530021848959024,0.510409028935247,0.5196450526761325,0.0012708143485281624,temp,Marylou_Alireza
