Prob. Real Authors,Truth Ratio Real Authors,Prob. Real World,Truth Ratio Real World,Prob. Retain,Truth Ratio Retain,Prob. Forget,Truth Ratio Forget,Model Utility,Forget Quality,Method,Submitted By
0.40103345473000523,0.5509250009790189,0.4130895676005215,0.49299770904258533,0.901647170744861,0.4452103728954158,0.25271525719894494,0.6532922970233311,0.4953320488992613,0.01430154804770646,temp,Marylou_Alireza
