Prob. Real Authors,Truth Ratio Real Authors,Prob. Real World,Truth Ratio Real World,Prob. Retain,Truth Ratio Retain,Prob. Forget,Truth Ratio Forget,Model Utility,Forget Quality,Method,Submitted By
0.32895059007369826,0.3919856957909108,0.3583479386036684,0.4399754941468252,0.9664415759156023,0.2841961941807705,0.9512219409288353,0.7337395930938142,0.3945307212267183,0.01430154804770646,temp,Marylou_Alireza
