Prob. Real Authors,Truth Ratio Real Authors,Prob. Real World,Truth Ratio Real World,Prob. Retain,Truth Ratio Retain,Prob. Forget,Truth Ratio Forget,Model Utility,Forget Quality,Method,Submitted By
0.34032122112411023,0.39642494928870703,0.3773178023920442,0.4339518000999776,0.9321153853176667,0.4327995682760984,0.8184840598088027,0.509541009487535,0.4348140541927639,0.003018184077228396,temp,Marylou_Alireza
