Prob. Real Authors,Truth Ratio Real Authors,Prob. Real World,Truth Ratio Real World,Prob. Retain,Truth Ratio Retain,Prob. Forget,Truth Ratio Forget,Model Utility,Forget Quality,Method,Submitted By
0.48220140736992323,0.6315887089017574,0.48744148333161585,0.5841867018464589,0.9673527112266919,0.5628290850862021,0.7087106145649212,0.4998742495141725,0.5864570447871178,0.00018791118070078278,temp,Marylou_Alireza
