Prob. Real Authors,Truth Ratio Real Authors,Prob. Real World,Truth Ratio Real World,Prob. Retain,Truth Ratio Retain,Prob. Forget,Truth Ratio Forget,Model Utility,Forget Quality,Method,Submitted By
0.430610869262551,0.5364808040663989,0.41653278993810977,0.49007790012012137,0.9645818379689772,0.4856804307300521,0.8798427415630574,0.4928851366462828,0.5118043007995154,0.00018791118070078278,temp,Marylou_Alireza
