Prob. Real Authors,Truth Ratio Real Authors,Prob. Real World,Truth Ratio Real World,Prob. Retain,Truth Ratio Retain,Prob. Forget,Truth Ratio Forget,Model Utility,Forget Quality,Method,Submitted By
0.4345866985944664,0.5523374434900881,0.41621727258122615,0.49796202473387763,0.9353162627726749,0.508913785690078,0.29121741851168015,0.5257409472525456,0.5191916027740979,0.006760732303569208,temp,Marylou_Alireza
