Prob. Real Authors,Truth Ratio Real Authors,Prob. Real World,Truth Ratio Real World,Prob. Retain,Truth Ratio Retain,Prob. Forget,Truth Ratio Forget,Model Utility,Forget Quality,Method,Submitted By
0.42190259215583253,0.5313720635670373,0.4105660057139771,0.49628711182977614,0.9486979536558852,0.5077570879740639,0.845147617490378,0.5092675940883211,0.5116711137301275,0.006760732303569208,temp,Marylou_Alireza
