Prob. Real Authors,Truth Ratio Real Authors,Prob. Real World,Truth Ratio Real World,Prob. Retain,Truth Ratio Retain,Prob. Forget,Truth Ratio Forget,Model Utility,Forget Quality,Method,Submitted By
0.4328419593292447,0.5359498462578897,0.4095753277014429,0.47580122278240183,0.9632736388809328,0.47876464384804307,0.8517218374755906,0.5026728055959878,0.5064887458432176,0.0012708143485281624,temp,Marylou_Alireza
