Prob. Real Authors,Truth Ratio Real Authors,Prob. Real World,Truth Ratio Real World,Prob. Retain,Truth Ratio Retain,Prob. Forget,Truth Ratio Forget,Model Utility,Forget Quality,Method,Submitted By
0.37258634608270946,0.45321030685315633,0.3638931848633404,0.42372709340141257,0.9219724644096167,0.4505181757053586,0.8076402796342661,0.561264080927295,0.4510332425059365,0.0005039436209702519,temp,Marylou_Alireza
