Prob. Real Authors,Truth Ratio Real Authors,Prob. Real World,Truth Ratio Real World,Prob. Retain,Truth Ratio Retain,Prob. Forget,Truth Ratio Forget,Model Utility,Forget Quality,Method,Submitted By
0.3685250928666664,0.44398930971878303,0.36630361850651877,0.42360795951206487,0.9236582645878127,0.45763246600124496,0.8545154389962029,0.5536889908739736,0.4503055507845953,0.0005039436209702519,temp,Marylou_Alireza
