Prob. Real Authors,Truth Ratio Real Authors,Prob. Real World,Truth Ratio Real World,Prob. Retain,Truth Ratio Retain,Prob. Forget,Truth Ratio Forget,Model Utility,Forget Quality,Method,Submitted By
0.33240715333067195,0.3836392986533205,0.3520874362869152,0.40260016634394086,0.9255355690999442,0.4420773834390508,0.8904517621973274,0.5677801626088725,0.42012292480241187,0.0012708143485281624,temp,Marylou_Alireza
