Prob. Real Authors,Truth Ratio Real Authors,Prob. Real World,Truth Ratio Real World,Prob. Retain,Truth Ratio Retain,Prob. Forget,Truth Ratio Forget,Model Utility,Forget Quality,Method,Submitted By
0.4276818693426844,0.5469631963146314,0.4163553237790792,0.5000462678496979,0.9451500322816682,0.5101011646994482,0.724654245706069,0.5206040980501445,0.5178439851298517,0.006760732303569208,temp,Marylou_Alireza
