Prob. Real Authors,Truth Ratio Real Authors,Prob. Real World,Truth Ratio Real World,Prob. Retain,Truth Ratio Retain,Prob. Forget,Truth Ratio Forget,Model Utility,Forget Quality,Method,Submitted By
0.40836213727347526,0.5079561613520556,0.40822759160396704,0.4897636679076147,0.9506518184103198,0.5104517114640195,0.9100317072183717,0.48349891741793327,0.5033618390314012,0.0012708143485281624,temp,Marylou_Alireza
