Prob. Real Authors,Truth Ratio Real Authors,Prob. Real World,Truth Ratio Real World,Prob. Retain,Truth Ratio Retain,Prob. Forget,Truth Ratio Forget,Model Utility,Forget Quality,Method,Submitted By
0.33376506642550635,0.38750740251193444,0.37673556501643896,0.42962232647380333,0.9334356659846534,0.4304087274303678,0.840264702566808,0.5204882563629114,0.4300025117619434,0.003018184077228396,temp,Marylou_Alireza
