Prob. Real Authors,Truth Ratio Real Authors,Prob. Real World,Truth Ratio Real World,Prob. Retain,Truth Ratio Retain,Prob. Forget,Truth Ratio Forget,Model Utility,Forget Quality,Method,Submitted By
0.47978979069542277,0.6255128265955048,0.478444019272039,0.5761649867714245,0.9717438263402621,0.560559621840888,0.9323508028921583,0.4794178773203859,0.5813014869585051,0.0012708143485281624,temp,Marylou_Alireza
