Prob. Real Authors,Truth Ratio Real Authors,Prob. Real World,Truth Ratio Real World,Prob. Retain,Truth Ratio Retain,Prob. Forget,Truth Ratio Forget,Model Utility,Forget Quality,Method,Submitted By
0.4192315385592449,0.5306919307758442,0.4108612570957989,0.4948183525304097,0.9471032717625445,0.5086225937578235,0.8545640334661284,0.4852588974129273,0.5107926306962003,0.0012708143485281624,temp,Marylou_Alireza
