Prob. Real Authors,Truth Ratio Real Authors,Prob. Real World,Truth Ratio Real World,Prob. Retain,Truth Ratio Retain,Prob. Forget,Truth Ratio Forget,Model Utility,Forget Quality,Method,Submitted By
0.5093240312801889,0.6534473421207597,0.5153976995453735,0.6182647369568905,0.9555669603625535,0.5632059033291287,0.254491496609627,0.5298226723463859,0.6076897114478363,0.01430154804770646,temp,Marylou_Alireza
