Prob. Real Authors,Truth Ratio Real Authors,Prob. Real World,Truth Ratio Real World,Prob. Retain,Truth Ratio Retain,Prob. Forget,Truth Ratio Forget,Model Utility,Forget Quality,Method,Submitted By
0.48229517324633053,0.6247346038551774,0.48591420551088005,0.5874453667002928,0.9729357515980513,0.5605683609292115,0.8311304785913775,0.5051712243815748,0.5855896903097112,0.003018184077228396,temp,Marylou_Alireza
