Prob. Real Authors,Truth Ratio Real Authors,Prob. Real World,Truth Ratio Real World,Prob. Retain,Truth Ratio Retain,Prob. Forget,Truth Ratio Forget,Model Utility,Forget Quality,Method,Submitted By
0.32726129912731017,0.38418917739921604,0.3590052782124361,0.4339761428859009,0.9661912716132721,0.2838142120885567,0.9566767909464117,0.7355703046966807,0.39198473283983576,0.01430154804770646,temp,Marylou_Alireza
