Prob. Real Authors,Truth Ratio Real Authors,Prob. Real World,Truth Ratio Real World,Prob. Retain,Truth Ratio Retain,Prob. Forget,Truth Ratio Forget,Model Utility,Forget Quality,Method,Submitted By
0.3624316429774963,0.43390370973080883,0.3589314232867202,0.4163084596318782,0.9154974440485129,0.44601075940441326,0.23865857092316353,0.5936247678225772,0.44162091472146214,0.006760732303569208,temp,Marylou_Alireza
