Prob. Real Authors,Truth Ratio Real Authors,Prob. Real World,Truth Ratio Real World,Prob. Retain,Truth Ratio Retain,Prob. Forget,Truth Ratio Forget,Model Utility,Forget Quality,Method,Submitted By
0.3973942512017798,0.5472988668300188,0.4190446816229592,0.5072484815260521,0.9151113357944438,0.4602687476193594,0.8783515285495203,0.5943305439160997,0.5013890294360205,0.0005039436209702519,temp,Marylou_Alireza
