Prob. Real Authors,Truth Ratio Real Authors,Prob. Real World,Truth Ratio Real World,Prob. Retain,Truth Ratio Retain,Prob. Forget,Truth Ratio Forget,Model Utility,Forget Quality,Method,Submitted By
0.3942005174693839,0.4998213385740172,0.37049940277575494,0.4438958116731705,0.9114755398280837,0.45851937162247985,0.8911627696217543,0.5454641195595521,0.4699472427196274,0.01430154804770646,temp,Marylou_Alireza
