Prob. Real Authors,Truth Ratio Real Authors,Prob. Real World,Truth Ratio Real World,Prob. Retain,Truth Ratio Retain,Prob. Forget,Truth Ratio Forget,Model Utility,Forget Quality,Method,Submitted By
0.4006047043741839,0.5500725428328139,0.41540419010263463,0.500534418572484,0.9139841945795447,0.4528551689502971,0.8787334398664719,0.6084485409597683,0.4990995721172314,0.0012708143485281624,temp,Marylou_Alireza
