Prob. Real Authors,Truth Ratio Real Authors,Prob. Real World,Truth Ratio Real World,Prob. Retain,Truth Ratio Retain,Prob. Forget,Truth Ratio Forget,Model Utility,Forget Quality,Method,Submitted By
0.33319838369800236,0.38030063335663944,0.3728481076199771,0.4272500926453756,0.9357287526945004,0.4290455333966119,0.8814293600801413,0.5192794454242001,0.4269623523111685,0.0012708143485281624,temp,Marylou_Alireza
