Prob. Real Authors,Truth Ratio Real Authors,Prob. Real World,Truth Ratio Real World,Prob. Retain,Truth Ratio Retain,Prob. Forget,Truth Ratio Forget,Model Utility,Forget Quality,Method,Submitted By
0.4786302964045499,0.6198425433750687,0.48656909579692825,0.5867299227628457,0.971573506368662,0.559909897538809,0.8790064779606898,0.49383092706638,0.5838031813047524,0.003018184077228396,temp,Marylou_Alireza
