Prob. Real Authors,Truth Ratio Real Authors,Prob. Real World,Truth Ratio Real World,Prob. Retain,Truth Ratio Retain,Prob. Forget,Truth Ratio Forget,Model Utility,Forget Quality,Method,Submitted By
0.36707223943300177,0.44017829873410086,0.3556816330527559,0.4097386202434035,0.9226395341944417,0.44991255257370627,0.8207164142749687,0.5635739577404167,0.44265250577233856,0.0012708143485281624,temp,Marylou_Alireza
