Prob. Real Authors,Truth Ratio Real Authors,Prob. Real World,Truth Ratio Real World,Prob. Retain,Truth Ratio Retain,Prob. Forget,Truth Ratio Forget,Model Utility,Forget Quality,Method,Submitted By
0.3452477378266244,0.41623554782803684,0.36339713954954234,0.4130204369980007,0.9257836202789912,0.4336964509929512,0.8502731717618388,0.5744750253733396,0.4329666325959066,0.003018184077228396,temp,Marylou_Alireza
