Prob. Real Authors,Truth Ratio Real Authors,Prob. Real World,Truth Ratio Real World,Prob. Retain,Truth Ratio Retain,Prob. Forget,Truth Ratio Forget,Model Utility,Forget Quality,Method,Submitted By
0.40337606852262886,0.5208573620171653,0.3841786160466758,0.46092981016960294,0.909603332240718,0.46422410483770127,0.6847558736082252,0.5635166576765626,0.4828980237252101,0.054141077480362725,temp,Marylou_Alireza
