Prob. Real Authors,Truth Ratio Real Authors,Prob. Real World,Truth Ratio Real World,Prob. Retain,Truth Ratio Retain,Prob. Forget,Truth Ratio Forget,Model Utility,Forget Quality,Method,Submitted By
0.33344573471421896,0.38329355668196563,0.35336972925437754,0.40061637295477326,0.9245009832966125,0.4422593166801886,0.8896128779961044,0.5816507563868786,0.42026261582605323,0.0005039436209702519,temp,Marylou_Alireza
