Prob. Real Authors,Truth Ratio Real Authors,Prob. Real World,Truth Ratio Real World,Prob. Retain,Truth Ratio Retain,Prob. Forget,Truth Ratio Forget,Model Utility,Forget Quality,Method,Submitted By
0.33774888233694045,0.39229039338782556,0.37361328088538376,0.43027979676227757,0.9329437945029144,0.4316986291839649,0.826183961939526,0.5220632111734893,0.4316903336103974,0.0012708143485281624,temp,Marylou_Alireza
