Prob. Real Authors,Truth Ratio Real Authors,Prob. Real World,Truth Ratio Real World,Prob. Retain,Truth Ratio Retain,Prob. Forget,Truth Ratio Forget,Model Utility,Forget Quality,Method,Submitted By
0.37676494817530504,0.45839668929308325,0.36964283890251354,0.4299626419317188,0.9197680802742321,0.4501439762208779,0.7557495398352976,0.5605058769785953,0.45538961576907244,6.5768913245274e-05,temp,Marylou_Alireza
