Prob. Real Authors,Truth Ratio Real Authors,Prob. Real World,Truth Ratio Real World,Prob. Retain,Truth Ratio Retain,Prob. Forget,Truth Ratio Forget,Model Utility,Forget Quality,Method,Submitted By
0.3425423405735679,0.4153126778019745,0.3649228425801186,0.41473647536363606,0.9253538894726729,0.433272016568786,0.826057955816581,0.5701074640763851,0.432671516274454,0.0005039436209702519,temp,Marylou_Alireza
