Prob. Real Authors,Truth Ratio Real Authors,Prob. Real World,Truth Ratio Real World,Prob. Retain,Truth Ratio Retain,Prob. Forget,Truth Ratio Forget,Model Utility,Forget Quality,Method,Submitted By
0.336110808589932,0.39305744315057806,0.35188343207540945,0.40395560479714393,0.9206671219103556,0.4410473369189718,0.8461223277273937,0.5783072468717239,0.42282595886152324,0.0012708143485281624,temp,Marylou_Alireza
