Prob. Real Authors,Truth Ratio Real Authors,Prob. Real World,Truth Ratio Real World,Prob. Retain,Truth Ratio Retain,Prob. Forget,Truth Ratio Forget,Model Utility,Forget Quality,Method,Submitted By
0.3443036235519116,0.4175994767891131,0.36166244130860464,0.41123528897127587,0.927534810517543,0.44078989338488583,0.8180976578597825,0.5769091678566601,0.4334464426413557,0.003018184077228396,temp,Marylou_Alireza
