Prob. Real Authors,Truth Ratio Real Authors,Prob. Real World,Truth Ratio Real World,Prob. Retain,Truth Ratio Retain,Prob. Forget,Truth Ratio Forget,Model Utility,Forget Quality,Method,Submitted By
0.3458676036536063,0.40965805019467993,0.382517644334595,0.44010614883453536,0.9334679876358485,0.43339423142749417,0.8323863675446329,0.5401757394657319,0.441260189512264,0.006760732303569208,temp,Marylou_Alireza
