Prob. Real Authors,Truth Ratio Real Authors,Prob. Real World,Truth Ratio Real World,Prob. Retain,Truth Ratio Retain,Prob. Forget,Truth Ratio Forget,Model Utility,Forget Quality,Method,Submitted By
0.43515553997150724,0.5385908820461619,0.40766066480413315,0.4778913800378621,0.9625426894937338,0.4775773626769304,0.8740788887791805,0.5088939095589896,0.5070527407524913,0.0012708143485281624,temp,Marylou_Alireza
