Prob. Real Authors,Truth Ratio Real Authors,Prob. Real World,Truth Ratio Real World,Prob. Retain,Truth Ratio Retain,Prob. Forget,Truth Ratio Forget,Model Utility,Forget Quality,Method,Submitted By
0.4337764243033685,0.540335378904974,0.4099031054582102,0.4787210919301152,0.9665296142659223,0.478398117500548,0.8377727963223961,0.5236797278423387,0.5080665693256291,0.003018184077228396,temp,Marylou_Alireza
