Prob. Real Authors,Truth Ratio Real Authors,Prob. Real World,Truth Ratio Real World,Prob. Retain,Truth Ratio Retain,Prob. Forget,Truth Ratio Forget,Model Utility,Forget Quality,Method,Submitted By
0.4097439739549072,0.5120219769468792,0.40972586221813895,0.4971413509416509,0.9463235380415301,0.5116454592509979,0.8412842956113245,0.48138252534703396,0.5060325127544293,0.0012708143485281624,temp,Marylou_Alireza
