Prob. Real Authors,Truth Ratio Real Authors,Prob. Real World,Truth Ratio Real World,Prob. Retain,Truth Ratio Retain,Prob. Forget,Truth Ratio Forget,Model Utility,Forget Quality,Method,Submitted By
0.41296884921013366,0.5679633004643807,0.4224353139828561,0.5108103163026084,0.9108952028632791,0.4546101249873963,0.8117248652671767,0.632689248419352,0.508277483250567,0.0005039436209702519,temp,Marylou_Alireza
