Prob. Real Authors,Truth Ratio Real Authors,Prob. Real World,Truth Ratio Real World,Prob. Retain,Truth Ratio Retain,Prob. Forget,Truth Ratio Forget,Model Utility,Forget Quality,Method,Submitted By
0.4790776070680557,0.6242317284544512,0.48365928449210616,0.5811265192425603,0.9728310804566643,0.5651744829382349,0.9367304835494601,0.4914949156845421,0.5839431225629662,0.003018184077228396,temp,Marylou_Alireza
