Prob. Real Authors,Truth Ratio Real Authors,Prob. Real World,Truth Ratio Real World,Prob. Retain,Truth Ratio Retain,Prob. Forget,Truth Ratio Forget,Model Utility,Forget Quality,Method,Submitted By
0.3899979931054762,0.4988858941884431,0.3769107191000937,0.45558963351509174,0.9091806356872332,0.4607322741111347,0.8447466860070829,0.552144734296513,0.47292364597645403,0.01430154804770646,temp,Marylou_Alireza
