Prob. Real Authors,Truth Ratio Real Authors,Prob. Real World,Truth Ratio Real World,Prob. Retain,Truth Ratio Retain,Prob. Forget,Truth Ratio Forget,Model Utility,Forget Quality,Method,Submitted By
0.32982793623874657,0.38060810990537175,0.34805348899372845,0.39359525208921287,0.912093249273386,0.442133963125002,0.2611803479488951,0.6091330682850454,0.4157658987504955,0.0012708143485281624,temp,Marylou_Alireza
