Prob. Real Authors,Truth Ratio Real Authors,Prob. Real World,Truth Ratio Real World,Prob. Retain,Truth Ratio Retain,Prob. Forget,Truth Ratio Forget,Model Utility,Forget Quality,Method,Submitted By
0.33495521069641204,0.38619641096346763,0.3566979732236232,0.4076280414991547,0.9204214358366488,0.44557049119829645,0.8603124305691316,0.5696661488068913,0.42365965270618033,0.0012708143485281624,temp,Marylou_Alireza
