Prob. Real Authors,Truth Ratio Real Authors,Prob. Real World,Truth Ratio Real World,Prob. Retain,Truth Ratio Retain,Prob. Forget,Truth Ratio Forget,Model Utility,Forget Quality,Method,Submitted By
0.48306638959785064,0.6291829273734794,0.48286334664955205,0.5876350392517202,0.9724173540422635,0.5541277089239646,0.8299229709713295,0.4986364159154341,0.5844996127215242,0.003018184077228396,temp,Marylou_Alireza
