Prob. Real Authors,Truth Ratio Real Authors,Prob. Real World,Truth Ratio Real World,Prob. Retain,Truth Ratio Retain,Prob. Forget,Truth Ratio Forget,Model Utility,Forget Quality,Method,Submitted By
0.39088304369316335,0.4970807547180891,0.38192332919874866,0.4563627861021338,0.9096596072550386,0.4611575947025953,0.7281467406140235,0.5584207379647356,0.4744061939617978,0.02860307028023343,temp,Marylou_Alireza
