Prob. Real Authors,Truth Ratio Real Authors,Prob. Real World,Truth Ratio Real World,Prob. Retain,Truth Ratio Retain,Prob. Forget,Truth Ratio Forget,Model Utility,Forget Quality,Method,Submitted By
0.32665933446939827,0.3855985783319886,0.35948043511908667,0.43557150926851457,0.9660668714726787,0.28481146791281636,0.96181477715281,0.7291296547095574,0.3927084461312015,0.003018184077228396,temp,Marylou_Alireza
