Prob. Real Authors,Truth Ratio Real Authors,Prob. Real World,Truth Ratio Real World,Prob. Retain,Truth Ratio Retain,Prob. Forget,Truth Ratio Forget,Model Utility,Forget Quality,Method,Submitted By
0.3998800316599408,0.5490367539616472,0.4124452710256274,0.5000127935916536,0.9142824638334335,0.45292042840186597,0.860764410852139,0.630577744009616,0.49799631663980853,0.003018184077228396,temp,Marylou_Alireza
