Prob. Real Authors,Truth Ratio Real Authors,Prob. Real World,Truth Ratio Real World,Prob. Retain,Truth Ratio Retain,Prob. Forget,Truth Ratio Forget,Model Utility,Forget Quality,Method,Submitted By
0.33448242371899206,0.3854195863418802,0.3505086389976526,0.39894154324509,0.9201287158250576,0.44075081097550467,0.8507435566901439,0.5771834601628482,0.41959337473541714,0.003018184077228396,temp,Marylou_Alireza
