Prob. Real Authors,Truth Ratio Real Authors,Prob. Real World,Truth Ratio Real World,Prob. Retain,Truth Ratio Retain,Prob. Forget,Truth Ratio Forget,Model Utility,Forget Quality,Method,Submitted By
0.3548565019062984,0.42301952767316,0.35586728423727143,0.4117093684373046,0.9269211532535618,0.4520997167864118,0.8572377061774763,0.5568572450218193,0.43758334542422983,0.0005039436209702519,temp,Marylou_Alireza
