Prob. Real Authors,Truth Ratio Real Authors,Prob. Real World,Truth Ratio Real World,Prob. Retain,Truth Ratio Retain,Prob. Forget,Truth Ratio Forget,Model Utility,Forget Quality,Method,Submitted By
0.361881718484199,0.43522614394247516,0.36108696171630356,0.42004959010659904,0.9253931342804534,0.452118906016173,0.8514639725783987,0.5604649797127245,0.4443290330063981,0.0005039436209702519,temp,Marylou_Alireza
