Prob. Real Authors,Truth Ratio Real Authors,Prob. Real World,Truth Ratio Real World,Prob. Retain,Truth Ratio Retain,Prob. Forget,Truth Ratio Forget,Model Utility,Forget Quality,Method,Submitted By
0.33763694639821595,0.39712178599212256,0.38071482348902086,0.44372125127792544,0.9219432880945658,0.43741921635707853,0.2628130242437549,0.5418901916641387,0.43696785011941486,0.006760732303569208,temp,Marylou_Alireza
