Prob. Real Authors,Truth Ratio Real Authors,Prob. Real World,Truth Ratio Real World,Prob. Retain,Truth Ratio Retain,Prob. Forget,Truth Ratio Forget,Model Utility,Forget Quality,Method,Submitted By
0.37171419884481843,0.45356166718491137,0.3636199933194007,0.42358937467883606,0.9214341221989234,0.44950717303723814,0.7449044901941179,0.5621939136909218,0.45059135056297556,0.00018791118070078278,temp,Marylou_Alireza
