Prob. Real Authors,Truth Ratio Real Authors,Prob. Real World,Truth Ratio Real World,Prob. Retain,Truth Ratio Retain,Prob. Forget,Truth Ratio Forget,Model Utility,Forget Quality,Method,Submitted By
0.43923392635489444,0.5506594150158011,0.40718968620399315,0.47435404939053205,0.9618613675040045,0.4805068210597681,0.7648875301764463,0.5094290087993479,0.5094472596686631,0.006760732303569208,temp,Marylou_Alireza
