Prob. Real Authors,Truth Ratio Real Authors,Prob. Real World,Truth Ratio Real World,Prob. Retain,Truth Ratio Retain,Prob. Forget,Truth Ratio Forget,Model Utility,Forget Quality,Method,Submitted By
0.40186958228576636,0.5519689917380479,0.41550477287560117,0.5028134901986289,0.9114354311137152,0.4541880352184738,0.8171753666692059,0.6190975978716702,0.5002297982660212,0.0005039436209702519,temp,Marylou_Alireza
