Prob. Real Authors,Truth Ratio Real Authors,Prob. Real World,Truth Ratio Real World,Prob. Retain,Truth Ratio Retain,Prob. Forget,Truth Ratio Forget,Model Utility,Forget Quality,Method,Submitted By
0.3273896601156459,0.3895134757290608,0.35990410619117663,0.4378818297420273,0.9664396059565135,0.2880248098647077,0.9613056782572393,0.7280396402845637,0.39497961222225697,0.054141077480362725,temp,Marylou_Alireza
