Prob. Real Authors,Truth Ratio Real Authors,Prob. Real World,Truth Ratio Real World,Prob. Retain,Truth Ratio Retain,Prob. Forget,Truth Ratio Forget,Model Utility,Forget Quality,Method,Submitted By
0.3442523348345536,0.4136983071563857,0.3578105270189765,0.40528807298325153,0.9368622920170193,0.43549781068489746,0.9054377547350807,0.5649377608468119,0.43017419878038643,0.0012708143485281624,temp,Marylou_Alireza
