Prob. Real Authors,Truth Ratio Real Authors,Prob. Real World,Truth Ratio Real World,Prob. Retain,Truth Ratio Retain,Prob. Forget,Truth Ratio Forget,Model Utility,Forget Quality,Method,Submitted By
0.32651852410631343,0.38763365680998957,0.3585014177577631,0.4355517182280487,0.9709268275008115,0.2874689106913043,0.9774285828486701,0.7334539986983233,0.39379697980084627,0.02860307028023343,temp,Marylou_Alireza
