Prob. Real Authors,Truth Ratio Real Authors,Prob. Real World,Truth Ratio Real World,Prob. Retain,Truth Ratio Retain,Prob. Forget,Truth Ratio Forget,Model Utility,Forget Quality,Method,Submitted By
0.32656031175164907,0.37254558197767695,0.37445118777365405,0.4336866087355115,0.9453235242394991,0.4309389606939644,0.09866512564399663,0.6390801012598775,0.42549577885402967,1.0,temp,Marylou_Alireza
