Prob. Real Authors,Truth Ratio Real Authors,Prob. Real World,Truth Ratio Real World,Prob. Retain,Truth Ratio Retain,Prob. Forget,Truth Ratio Forget,Model Utility,Forget Quality,Method,Submitted By
0.3330890879920492,0.3899625197359128,0.3517837474131476,0.4023847570358104,0.932476460574213,0.4434091919717115,0.10548637273801989,0.732404039935024,0.42187998268008503,1.0,temp,Marylou_Alireza
