Prob. Real Authors,Truth Ratio Real Authors,Prob. Real World,Truth Ratio Real World,Prob. Retain,Truth Ratio Retain,Prob. Forget,Truth Ratio Forget,Model Utility,Forget Quality,Method,Submitted By
0.43358482767278206,0.5371465389262273,0.40943705275737374,0.47703035450950315,0.9699691756867402,0.48096017587210244,0.95931174000482,0.4848360005459501,0.5077491624570674,0.0012708143485281624,temp,Marylou_Alireza
