Prob. Real Authors,Truth Ratio Real Authors,Prob. Real World,Truth Ratio Real World,Prob. Retain,Truth Ratio Retain,Prob. Forget,Truth Ratio Forget,Model Utility,Forget Quality,Method,Submitted By
0.40182316096459814,0.5532110460371047,0.4149406375831667,0.5003202355933434,0.9232123987083029,0.4551052790409214,0.9068221142908495,0.6163236928983415,0.5006067081305884,0.0012708143485281624,temp,Marylou_Alireza
