Prob. Real Authors,Truth Ratio Real Authors,Prob. Real World,Truth Ratio Real World,Prob. Retain,Truth Ratio Retain,Prob. Forget,Truth Ratio Forget,Model Utility,Forget Quality,Method,Submitted By
0.36310145492737045,0.43734633156932473,0.36037522984911524,0.41893372199565454,0.9321302156672112,0.45111074983644683,0.9023298761028025,0.5497220478194883,0.44470703349226887,0.00018791118070078278,temp,Marylou_Alireza
