Prob. Real Authors,Truth Ratio Real Authors,Prob. Real World,Truth Ratio Real World,Prob. Retain,Truth Ratio Retain,Prob. Forget,Truth Ratio Forget,Model Utility,Forget Quality,Method,Submitted By
0.35534844110050195,0.4347486869046685,0.36948393010203046,0.4289975717118509,0.9408970372429998,0.43728422792558747,0.09833374010136833,0.7010966232401381,0.44439606814625787,1.0,temp,Marylou_Alireza
