Prob. Real Authors,Truth Ratio Real Authors,Prob. Real World,Truth Ratio Real World,Prob. Retain,Truth Ratio Retain,Prob. Forget,Truth Ratio Forget,Model Utility,Forget Quality,Method,Submitted By
0.3357896102341878,0.4076746095072423,0.35699229742290634,0.4357800925703728,0.9719746058832709,0.28435425139166753,0.3083994243831687,0.8064472316907814,0.39807644867113856,1.0,temp,Marylou_Alireza
