Prob. Real Authors,Truth Ratio Real Authors,Prob. Real World,Truth Ratio Real World,Prob. Retain,Truth Ratio Retain,Prob. Forget,Truth Ratio Forget,Model Utility,Forget Quality,Method,Submitted By
0.49466504393479716,0.63090494728611,0.48123314223251046,0.5816275555724699,0.9785803785497501,0.5707289317265849,0.08815594108661635,0.6714575953691625,0.5895104449406148,1.0,temp,Marylou_Alireza
