Prob. Real Authors,Truth Ratio Real Authors,Prob. Real World,Truth Ratio Real World,Prob. Retain,Truth Ratio Retain,Prob. Forget,Truth Ratio Forget,Model Utility,Forget Quality,Method,Submitted By
0.29751346605953244,0.36361490681885733,0.3618199023456125,0.44204320963669824,0.9266367463242386,0.43384239798267993,1.2881533912271898e-05,0.29402955322538543,0.413179348593955,0.00018791118070078278,temp,Marylou_Alireza
