Prob. Real Authors,Truth Ratio Real Authors,Prob. Real World,Truth Ratio Real World,Prob. Retain,Truth Ratio Retain,Prob. Forget,Truth Ratio Forget,Model Utility,Forget Quality,Method,Submitted By
0.383480250309832,0.5491913694626224,0.39876761881240635,0.49388776774751986,0.8472117764231857,0.46667801917641505,0.6164913118583372,0.6129030498110806,0.4884330799670559,0.02860307028023343,temp,Marylou_Alireza
