Prob. Real Authors,Truth Ratio Real Authors,Prob. Real World,Truth Ratio Real World,Prob. Retain,Truth Ratio Retain,Prob. Forget,Truth Ratio Forget,Model Utility,Forget Quality,Method,Submitted By
0.44095261718484685,0.6043666962179975,0.4531495903019956,0.5668149395808207,0.8535399637966554,0.5440488935230919,0.19327718103077957,0.5649154988974108,0.5503009761442016,0.2656871402817289,temp,Marylou_Alireza
