Prob. Real Authors,Truth Ratio Real Authors,Prob. Real World,Truth Ratio Real World,Prob. Retain,Truth Ratio Retain,Prob. Forget,Truth Ratio Forget,Model Utility,Forget Quality,Method,Submitted By
0.32050473836422283,0.37106517778934855,0.33178744018237216,0.36308851820650295,0.822740476247283,0.4514069996148611,0.33163747869295723,0.6220623624058541,0.39962978162306473,0.09707484379785862,temp,Marylou_Alireza
