Prob. Real Authors,Truth Ratio Real Authors,Prob. Real World,Truth Ratio Real World,Prob. Retain,Truth Ratio Retain,Prob. Forget,Truth Ratio Forget,Model Utility,Forget Quality,Method,Submitted By
0.3319362517350065,0.38436680327413475,0.3767501384975701,0.4381414139974405,0.8343763270711169,0.43327089474686653,0.45762520187197653,0.532957885141397,0.4268190264429945,0.02860307028023343,temp,Marylou_Alireza
