Prob. Real Authors,Truth Ratio Real Authors,Prob. Real World,Truth Ratio Real World,Prob. Retain,Truth Ratio Retain,Prob. Forget,Truth Ratio Forget,Model Utility,Forget Quality,Method,Submitted By
0.38597333438032555,0.4982154488406738,0.36727028118070787,0.45890210956647015,0.7931956768210833,0.47156362573776023,0.20002894406409685,0.601372567732455,0.4657933661944421,0.5786001416508443,temp,Marylou_Alireza
