Prob. Real Authors,Truth Ratio Real Authors,Prob. Real World,Truth Ratio Real World,Prob. Retain,Truth Ratio Retain,Prob. Forget,Truth Ratio Forget,Model Utility,Forget Quality,Method,Submitted By
0.3472299796816565,0.41348538828640885,0.3403811749891774,0.39960080056712804,0.843464051014869,0.4606525837021846,0.3214867727849933,0.5947219320023763,0.4256767824609259,0.02860307028023343,temp,Marylou_Alireza
