Prob. Real Authors,Truth Ratio Real Authors,Prob. Real World,Truth Ratio Real World,Prob. Retain,Truth Ratio Retain,Prob. Forget,Truth Ratio Forget,Model Utility,Forget Quality,Method,Submitted By
0.33405376909206624,0.40080950146754146,0.3716186025778786,0.43830696675196495,0.8440196398971861,0.4469726550269288,0.5564578578520898,0.5025917048971259,0.43218331455759784,0.01430154804770646,temp,Marylou_Alireza
