Prob. Real Authors,Truth Ratio Real Authors,Prob. Real World,Truth Ratio Real World,Prob. Retain,Truth Ratio Retain,Prob. Forget,Truth Ratio Forget,Model Utility,Forget Quality,Method,Submitted By
0.42991201501421694,0.5690520820257294,0.4391912791659451,0.5487368296053071,0.8986768182164301,0.5536949240563978,0.2655414067767009,0.5428584079435694,0.5404703788102893,0.01430154804770646,temp,Marylou_Alireza
