Prob. Real Authors,Truth Ratio Real Authors,Prob. Real World,Truth Ratio Real World,Prob. Retain,Truth Ratio Retain,Prob. Forget,Truth Ratio Forget,Model Utility,Forget Quality,Method,Submitted By
0.3264264729123182,0.4034826929160792,0.3429211154518636,0.380422116169991,0.8526579649636022,0.445664899489968,0.5359937962730636,0.6012296939486639,0.413698347695882,0.02860307028023343,temp,Marylou_Alireza
