Prob. Real Authors,Truth Ratio Real Authors,Prob. Real World,Truth Ratio Real World,Prob. Retain,Truth Ratio Retain,Prob. Forget,Truth Ratio Forget,Model Utility,Forget Quality,Method,Submitted By
0.3116360197916823,0.36303820512601737,0.3388829741862363,0.38442301871835843,0.7171120850167781,0.45884252516417845,0.00409541578802026,0.6482714262951543,0.3976287007366805,0.5786001416508443,temp,Marylou_Alireza
