Prob. Real Authors,Truth Ratio Real Authors,Prob. Real World,Truth Ratio Real World,Prob. Retain,Truth Ratio Retain,Prob. Forget,Truth Ratio Forget,Model Utility,Forget Quality,Method,Submitted By
0.40037995935751103,0.48996763271498645,0.3974073318770559,0.45885360973994377,0.865686098647553,0.4839739410348189,0.49550050315875344,0.5290886383601705,0.48171053807127084,0.006760732303569208,temp,Marylou_Alireza
