Prob. Real Authors,Truth Ratio Real Authors,Prob. Real World,Truth Ratio Real World,Prob. Retain,Truth Ratio Retain,Prob. Forget,Truth Ratio Forget,Model Utility,Forget Quality,Method,Submitted By
0.391134876891666,0.48693094453249536,0.40066556426388206,0.4711865294084995,0.8667699974947998,0.47396313925629996,0.23225483059476862,0.5694428801062895,0.48030476945560846,0.01430154804770646,temp,Marylou_Alireza
