Prob. Real Authors,Truth Ratio Real Authors,Prob. Real World,Truth Ratio Real World,Prob. Retain,Truth Ratio Retain,Prob. Forget,Truth Ratio Forget,Model Utility,Forget Quality,Method,Submitted By
0.4176138268800728,0.5589945554693309,0.45167038242387236,0.5518649949885988,0.9224132238574725,0.5610011953478766,0.48128043675857946,0.4641765987771409,0.5417037668237993,0.0005039436209702519,temp,Marylou_Alireza
