Prob. Real Authors,Truth Ratio Real Authors,Prob. Real World,Truth Ratio Real World,Prob. Retain,Truth Ratio Retain,Prob. Forget,Truth Ratio Forget,Model Utility,Forget Quality,Method,Submitted By
0.34431259186734847,0.4273164470665592,0.34639342198119927,0.39621890623813866,0.8526017463428623,0.4556596965229436,0.41206871776455517,0.6210944814774277,0.42787543843519027,0.054141077480362725,temp,Marylou_Alireza
