Prob. Real Authors,Truth Ratio Real Authors,Prob. Real World,Truth Ratio Real World,Prob. Retain,Truth Ratio Retain,Prob. Forget,Truth Ratio Forget,Model Utility,Forget Quality,Method,Submitted By
0.3463997599999574,0.40118995512494765,0.3275201681517793,0.3637263681446836,0.8646925755797221,0.4612831458989079,0.5965091753672562,0.5662676631689024,0.4136123764354331,0.006760732303569208,temp,Marylou_Alireza
