Prob. Real Authors,Truth Ratio Real Authors,Prob. Real World,Truth Ratio Real World,Prob. Retain,Truth Ratio Retain,Prob. Forget,Truth Ratio Forget,Model Utility,Forget Quality,Method,Submitted By
0.3888658041035862,0.4973496482278349,0.35812820550512175,0.4369652033736593,0.7833571251051765,0.4653186236752255,0.5478931342775,0.5893356235734475,0.45841177467569844,0.16497269950224194,temp,Marylou_Alireza
