Prob. Real Authors,Truth Ratio Real Authors,Prob. Real World,Truth Ratio Real World,Prob. Retain,Truth Ratio Retain,Prob. Forget,Truth Ratio Forget,Model Utility,Forget Quality,Method,Submitted By
0.31991907116751106,0.38149406939903907,0.3612661781545045,0.4136891520705745,0.8663731760329348,0.4471048242970863,0.6374414390397037,0.46208695914119974,0.41889997682104113,0.0012708143485281624,temp,Marylou_Alireza
