Prob. Real Authors,Truth Ratio Real Authors,Prob. Real World,Truth Ratio Real World,Prob. Retain,Truth Ratio Retain,Prob. Forget,Truth Ratio Forget,Model Utility,Forget Quality,Method,Submitted By
0.39226512780645967,0.5600363412994619,0.41011014331805035,0.5076358152484222,0.8347949199928247,0.4624281222748423,0.5794499968248148,0.6163327210133993,0.49572120890128984,0.054141077480362725,temp,Marylou_Alireza
