Prob. Real Authors,Truth Ratio Real Authors,Prob. Real World,Truth Ratio Real World,Prob. Retain,Truth Ratio Retain,Prob. Forget,Truth Ratio Forget,Model Utility,Forget Quality,Method,Submitted By
0.3892656686159869,0.5509095968477135,0.39726205157984695,0.4872602854291777,0.8021255078413193,0.4670966405195304,0.4647315315635563,0.6156992933315601,0.48617586938763346,0.02860307028023343,temp,Marylou_Alireza
