Prob. Real Authors,Truth Ratio Real Authors,Prob. Real World,Truth Ratio Real World,Prob. Retain,Truth Ratio Retain,Prob. Forget,Truth Ratio Forget,Model Utility,Forget Quality,Method,Submitted By
0.3240564016898879,0.3972021971291838,0.36364461260550884,0.45372946218749266,0.8788470579473162,0.3322033804151407,0.5397331820837685,0.6715781764401365,0.4080121425314636,0.02860307028023343,temp,Marylou_Alireza
