Prob. Real Authors,Truth Ratio Real Authors,Prob. Real World,Truth Ratio Real World,Prob. Retain,Truth Ratio Retain,Prob. Forget,Truth Ratio Forget,Model Utility,Forget Quality,Method,Submitted By
0.3415739827372122,0.41213790243829757,0.34023943571028054,0.3957938865780774,0.8294187588898919,0.46073841925369163,0.42653550653208666,0.554489683795573,0.4226613381095677,0.003018184077228396,temp,Marylou_Alireza
