Prob. Real Authors,Truth Ratio Real Authors,Prob. Real World,Truth Ratio Real World,Prob. Retain,Truth Ratio Retain,Prob. Forget,Truth Ratio Forget,Model Utility,Forget Quality,Method,Submitted By
0.3773856785724821,0.48638523831085645,0.36989437054391855,0.4592461410709528,0.8516904965424119,0.4791776137215886,0.6174957792636293,0.572275821490562,0.4670062831652886,0.09707484379785862,temp,Marylou_Alireza
