Prob. Real Authors,Truth Ratio Real Authors,Prob. Real World,Truth Ratio Real World,Prob. Retain,Truth Ratio Retain,Prob. Forget,Truth Ratio Forget,Model Utility,Forget Quality,Method,Submitted By
0.3305018666208832,0.38601468340150846,0.3266731586245033,0.36862940716179515,0.8664302131220603,0.4540612092898513,0.4426458305309252,0.5890354051914913,0.4068707157394704,0.0012708143485281624,temp,Marylou_Alireza
