Prob. Real Authors,Truth Ratio Real Authors,Prob. Real World,Truth Ratio Real World,Prob. Retain,Truth Ratio Retain,Prob. Forget,Truth Ratio Forget,Model Utility,Forget Quality,Method,Submitted By
0.3112632752756458,0.3589901709756927,0.35068795357443694,0.40195520666460655,0.7899868233888029,0.45978829687823347,0.3552983577923529,0.5960099817039862,0.4059968116045991,0.003018184077228396,temp,Marylou_Alireza
