Prob. Real Authors,Truth Ratio Real Authors,Prob. Real World,Truth Ratio Real World,Prob. Retain,Truth Ratio Retain,Prob. Forget,Truth Ratio Forget,Model Utility,Forget Quality,Method,Submitted By
0.3367012384795896,0.4219753886184842,0.3478087062176095,0.38327240651225547,0.835212517111926,0.4468867925095721,0.4662367495622524,0.5737147369303425,0.42078522581747774,0.006760732303569208,temp,Marylou_Alireza
