Prob. Real Authors,Truth Ratio Real Authors,Prob. Real World,Truth Ratio Real World,Prob. Retain,Truth Ratio Retain,Prob. Forget,Truth Ratio Forget,Model Utility,Forget Quality,Method,Submitted By
0.36635852521619205,0.44963611921170105,0.3740743614444523,0.44405270873515995,0.7867414041538203,0.4479513764632766,0.28127234192459205,0.5281074115193982,0.44835381570548544,0.02860307028023343,temp,Marylou_Alireza
