Prob. Real Authors,Truth Ratio Real Authors,Prob. Real World,Truth Ratio Real World,Prob. Retain,Truth Ratio Retain,Prob. Forget,Truth Ratio Forget,Model Utility,Forget Quality,Method,Submitted By
0.3261807886897514,0.3692852285390228,0.34635995036223216,0.389950656875102,0.8599642125758922,0.4486752292078588,0.5193829955528007,0.5833037824130759,0.4104826889520776,0.054141077480362725,temp,Marylou_Alireza
