Prob. Real Authors,Truth Ratio Real Authors,Prob. Real World,Truth Ratio Real World,Prob. Retain,Truth Ratio Retain,Prob. Forget,Truth Ratio Forget,Model Utility,Forget Quality,Method,Submitted By
0.42757250309013706,0.565104252855581,0.450800640730297,0.5668688195607972,0.810291183543654,0.5555163089391276,0.06193394491254085,0.564459229960614,0.5393271485156695,0.16497269950224194,temp,Marylou_Alireza
