Prob. Real Authors,Truth Ratio Real Authors,Prob. Real World,Truth Ratio Real World,Prob. Retain,Truth Ratio Retain,Prob. Forget,Truth Ratio Forget,Model Utility,Forget Quality,Method,Submitted By
0.36180151680128786,0.4439069978881133,0.34831437918477787,0.4133082240644775,0.7668657522136965,0.4620478168708705,0.204703800706263,0.600585030289975,0.4355581129127744,0.054141077480362725,temp,Marylou_Alireza
