Prob. Real Authors,Truth Ratio Real Authors,Prob. Real World,Truth Ratio Real World,Prob. Retain,Truth Ratio Retain,Prob. Forget,Truth Ratio Forget,Model Utility,Forget Quality,Method,Submitted By
0.38869901513616645,0.5499018403905843,0.4035975190372707,0.4975820241462667,0.8057761822807609,0.4628060794753401,0.4224922530501102,0.5881327377027945,0.4885835335631998,0.02860307028023343,temp,Marylou_Alireza
