Prob. Real Authors,Truth Ratio Real Authors,Prob. Real World,Truth Ratio Real World,Prob. Retain,Truth Ratio Retain,Prob. Forget,Truth Ratio Forget,Model Utility,Forget Quality,Method,Submitted By
0.38034970760815595,0.5078550986054261,0.41380637379293156,0.5283324936290875,0.5724193305240965,0.4716341392028764,0.00024231384490760178,0.4765137393004425,0.46967392796364477,0.054141077480362725,temp,Marylou_Alireza
