Prob. Real Authors,Truth Ratio Real Authors,Prob. Real World,Truth Ratio Real World,Prob. Retain,Truth Ratio Retain,Prob. Forget,Truth Ratio Forget,Model Utility,Forget Quality,Method,Submitted By
0.33486549939160215,0.3884259966367197,0.34441090250853035,0.399883598286784,0.7964596995536223,0.4561368776168472,0.43252183453027787,0.5968393732827844,0.4162942122628383,0.01430154804770646,temp,Marylou_Alireza
