Prob. Real Authors,Truth Ratio Real Authors,Prob. Real World,Truth Ratio Real World,Prob. Retain,Truth Ratio Retain,Prob. Forget,Truth Ratio Forget,Model Utility,Forget Quality,Method,Submitted By
0.31963341129280165,0.38391084593257674,0.36132887840830374,0.4533553695682189,0.8838077432322768,0.3254036369481606,0.625617895468554,0.6988743526505734,0.4023803042146557,0.003018184077228396,temp,Marylou_Alireza
