Prob. Real Authors,Truth Ratio Real Authors,Prob. Real World,Truth Ratio Real World,Prob. Retain,Truth Ratio Retain,Prob. Forget,Truth Ratio Forget,Model Utility,Forget Quality,Method,Submitted By
0.3488788872906346,0.45003216980249033,0.3549149177909528,0.39927988722259,0.6063134595918901,0.45497816758524906,0.0007180177008156776,0.6446751833853849,0.4208254553638879,0.09707484379785862,temp,Marylou_Alireza
