Prob. Real Authors,Truth Ratio Real Authors,Prob. Real World,Truth Ratio Real World,Prob. Retain,Truth Ratio Retain,Prob. Forget,Truth Ratio Forget,Model Utility,Forget Quality,Method,Submitted By
0.38199486943370936,0.4685672567456004,0.39542955119515727,0.4729021177574929,0.8745554463051332,0.5263008465538107,0.4259785615851125,0.4945001433114367,0.48235421496685876,0.02860307028023343,temp,Marylou_Alireza
