Prob. Real Authors,Truth Ratio Real Authors,Prob. Real World,Truth Ratio Real World,Prob. Retain,Truth Ratio Retain,Prob. Forget,Truth Ratio Forget,Model Utility,Forget Quality,Method,Submitted By
0.3164724646140085,0.3594689214096951,0.34736760434495306,0.3934639340189777,0.8471192302116534,0.4640329521144744,0.524181383797287,0.6003607507228359,0.40823189772751434,0.02860307028023343,temp,Marylou_Alireza
