Prob. Real Authors,Truth Ratio Real Authors,Prob. Real World,Truth Ratio Real World,Prob. Retain,Truth Ratio Retain,Prob. Forget,Truth Ratio Forget,Model Utility,Forget Quality,Method,Submitted By
0.3803796889352482,0.5078790977309836,0.36301115818207513,0.4489466659680635,0.7245612221064041,0.4723647020212829,0.17809751643822908,0.6114700472648825,0.45881202530874277,0.5786001416508443,temp,Marylou_Alireza
