Prob. Real Authors,Truth Ratio Real Authors,Prob. Real World,Truth Ratio Real World,Prob. Retain,Truth Ratio Retain,Prob. Forget,Truth Ratio Forget,Model Utility,Forget Quality,Method,Submitted By
0.39869388650165777,0.5029589865164666,0.39772876098757703,0.4804449846049613,0.8570385823016502,0.5104186345489474,0.1767384127058172,0.6233462748165369,0.4910751815007003,0.404587405685253,temp,Marylou_Alireza
