Prob. Real Authors,Truth Ratio Real Authors,Prob. Real World,Truth Ratio Real World,Prob. Retain,Truth Ratio Retain,Prob. Forget,Truth Ratio Forget,Model Utility,Forget Quality,Method,Submitted By
0.3893775326565361,0.5486499248387348,0.3944632547491849,0.4855956766624244,0.7557236103259956,0.4515188962124814,0.2710799372010969,0.5996361240104009,0.479108625812278,0.2656871402817289,temp,Marylou_Alireza
