Prob. Real Authors,Truth Ratio Real Authors,Prob. Real World,Truth Ratio Real World,Prob. Retain,Truth Ratio Retain,Prob. Forget,Truth Ratio Forget,Model Utility,Forget Quality,Method,Submitted By
0.3441024328250722,0.4105368238465941,0.34678027243700965,0.41160601373336525,0.858188075746776,0.4690364998926053,0.5039192130077975,0.5596411818015925,0.4300335245641091,0.003018184077228396,temp,Marylou_Alireza
