Prob. Real Authors,Truth Ratio Real Authors,Prob. Real World,Truth Ratio Real World,Prob. Retain,Truth Ratio Retain,Prob. Forget,Truth Ratio Forget,Model Utility,Forget Quality,Method,Submitted By
0.3359092412631908,0.4014465779836023,0.32686206924029815,0.39706304340649967,0.5258123480237968,0.457553150052046,0.002824475903802556,0.6091257135204208,0.3964784812036695,0.054141077480362725,temp,Marylou_Alireza
