Prob. Real Authors,Truth Ratio Real Authors,Prob. Real World,Truth Ratio Real World,Prob. Retain,Truth Ratio Retain,Prob. Forget,Truth Ratio Forget,Model Utility,Forget Quality,Method,Submitted By
0.38710494991185823,0.4844570676803282,0.38251738580430705,0.45232717942446937,0.8679571451002046,0.5219741341905619,0.19430612092070926,0.5577308836320035,0.47845253552134553,0.16497269950224194,temp,Marylou_Alireza
