Prob. Real Authors,Truth Ratio Real Authors,Prob. Real World,Truth Ratio Real World,Prob. Retain,Truth Ratio Retain,Prob. Forget,Truth Ratio Forget,Model Utility,Forget Quality,Method,Submitted By
0.32265918632620727,0.37254985689024667,0.34942790278982155,0.39609820436432464,0.8521469412728748,0.4665325179659522,0.4938696846916485,0.5871327120859104,0.414167943678525,0.006760732303569208,temp,Marylou_Alireza
