Prob. Real Authors,Truth Ratio Real Authors,Prob. Real World,Truth Ratio Real World,Prob. Retain,Truth Ratio Retain,Prob. Forget,Truth Ratio Forget,Model Utility,Forget Quality,Method,Submitted By
0.34278922228551445,0.4231635521951428,0.34671850338709564,0.38661327251947153,0.8502414206236901,0.4414063785323799,0.5159156926022994,0.5780056419484678,0.4227505207274207,0.0012708143485281624,temp,Marylou_Alireza
