Prob. Real Authors,Truth Ratio Real Authors,Prob. Real World,Truth Ratio Real World,Prob. Retain,Truth Ratio Retain,Prob. Forget,Truth Ratio Forget,Model Utility,Forget Quality,Method,Submitted By
0.36586506872775054,0.4442397433211345,0.38063684178495355,0.44759660977354243,0.890890016778188,0.5212649918843621,0.6803862193857912,0.5037210271838879,0.4656035913889484,0.003018184077228396,temp,Marylou_Alireza
