Prob. Real Authors,Truth Ratio Real Authors,Prob. Real World,Truth Ratio Real World,Prob. Retain,Truth Ratio Retain,Prob. Forget,Truth Ratio Forget,Model Utility,Forget Quality,Method,Submitted By
0.37904844708074215,0.4862450952625098,0.36307100995058117,0.4397218388040054,0.7942777077197516,0.4642296297724828,0.3356908435684084,0.585708145975514,0.4567489159348943,0.16497269950224194,temp,Marylou_Alireza
