Prob. Real Authors,Truth Ratio Real Authors,Prob. Real World,Truth Ratio Real World,Prob. Retain,Truth Ratio Retain,Prob. Forget,Truth Ratio Forget,Model Utility,Forget Quality,Method,Submitted By
0.37213361841357345,0.4496898091039256,0.3467984659324973,0.39944257466512356,0.7974625517399184,0.4542332280734871,0.3531756430881351,0.5983277124774107,0.4362538788466996,0.054141077480362725,temp,Marylou_Alireza
