Prob. Real Authors,Truth Ratio Real Authors,Prob. Real World,Truth Ratio Real World,Prob. Retain,Truth Ratio Retain,Prob. Forget,Truth Ratio Forget,Model Utility,Forget Quality,Method,Submitted By
0.33432848089673306,0.3896199225226031,0.34079506824651723,0.3935453603497281,0.8217751022131031,0.44869311684693747,0.2369416427790494,0.600588940327037,0.4144057144884387,0.09707484379785862,temp,Marylou_Alireza
