Prob. Real Authors,Truth Ratio Real Authors,Prob. Real World,Truth Ratio Real World,Prob. Retain,Truth Ratio Retain,Prob. Forget,Truth Ratio Forget,Model Utility,Forget Quality,Method,Submitted By
0.3703279788330722,0.4596172424570434,0.40595099433082726,0.49720994635742255,0.5542716772920915,0.5253932722102074,0.0022661054283166235,0.5063387583948167,0.4594844814217034,0.09707484379785862,temp,Marylou_Alireza
