Prob. Real Authors,Truth Ratio Real Authors,Prob. Real World,Truth Ratio Real World,Prob. Retain,Truth Ratio Retain,Prob. Forget,Truth Ratio Forget,Model Utility,Forget Quality,Method,Submitted By
0.4040596590825533,0.5165862624989431,0.4073535970726499,0.4837724271778898,0.7938706526722515,0.486547318212243,0.13497404568541754,0.5754531522748242,0.4898929330385136,0.2656871402817289,temp,Marylou_Alireza
