Prob. Real Authors,Truth Ratio Real Authors,Prob. Real World,Truth Ratio Real World,Prob. Retain,Truth Ratio Retain,Prob. Forget,Truth Ratio Forget,Model Utility,Forget Quality,Method,Submitted By
0.3961502116975044,0.5286346043015557,0.446664029101804,0.5654486848889513,0.7551539495028701,0.5508253655358062,0.004102727420812223,0.5205206553116597,0.518897477161292,0.2656871402817289,temp,Marylou_Alireza
