Prob. Real Authors,Truth Ratio Real Authors,Prob. Real World,Truth Ratio Real World,Prob. Retain,Truth Ratio Retain,Prob. Forget,Truth Ratio Forget,Model Utility,Forget Quality,Method,Submitted By
0.3596886812038154,0.4615474572057669,0.3558435051565072,0.43903592196051855,0.8016295444000816,0.470499138844852,0.5055234136020458,0.5835057554973156,0.44750705252257283,0.16497269950224194,temp,Marylou_Alireza
