Prob. Real Authors,Truth Ratio Real Authors,Prob. Real World,Truth Ratio Real World,Prob. Retain,Truth Ratio Retain,Prob. Forget,Truth Ratio Forget,Model Utility,Forget Quality,Method,Submitted By
0.3579089870169678,0.4716725471061969,0.339004013828992,0.42473548467488087,0.654260746942323,0.47526383826718527,0.001563221610058011,0.6247396126452955,0.4331853954790092,0.02860307028023343,temp,Marylou_Alireza
