Prob. Real Authors,Truth Ratio Real Authors,Prob. Real World,Truth Ratio Real World,Prob. Retain,Truth Ratio Retain,Prob. Forget,Truth Ratio Forget,Model Utility,Forget Quality,Method,Submitted By
0.3517803422819534,0.4331328553782644,0.34995507745858856,0.39412044645690275,0.8673571319674784,0.43101286276692924,0.5858108583285221,0.5850560653591683,0.4279816555041367,0.01430154804770646,temp,Marylou_Alireza
