Prob. Real Authors,Truth Ratio Real Authors,Prob. Real World,Truth Ratio Real World,Prob. Retain,Truth Ratio Retain,Prob. Forget,Truth Ratio Forget,Model Utility,Forget Quality,Method,Submitted By
0.3297604851113686,0.4035920894122674,0.3685015883679731,0.46300941276799557,0.9216682871991463,0.3221185825418123,0.8336727406344024,0.6927500552525805,0.4117156446687313,0.006760732303569208,temp,Marylou_Alireza
