Prob. Real Authors,Truth Ratio Real Authors,Prob. Real World,Truth Ratio Real World,Prob. Retain,Truth Ratio Retain,Prob. Forget,Truth Ratio Forget,Model Utility,Forget Quality,Method,Submitted By
0.32756116999709733,0.4016847171370366,0.3612647098326313,0.4589227369826248,0.9239183265297126,0.335221426217155,0.8098374888451326,0.7125684743334181,0.41223234582343504,0.003018184077228396,temp,Marylou_Alireza
