Prob. Real Authors,Truth Ratio Real Authors,Prob. Real World,Truth Ratio Real World,Prob. Retain,Truth Ratio Retain,Prob. Forget,Truth Ratio Forget,Model Utility,Forget Quality,Method,Submitted By
0.3391354066943269,0.41189935859673765,0.3772114320261322,0.44260367563329195,0.8653086868952881,0.43825664486732635,0.5411694256778067,0.5075652389169208,0.43718178692093806,0.006760732303569208,temp,Marylou_Alireza
