Prob. Real Authors,Truth Ratio Real Authors,Prob. Real World,Truth Ratio Real World,Prob. Retain,Truth Ratio Retain,Prob. Forget,Truth Ratio Forget,Model Utility,Forget Quality,Method,Submitted By
0.39290136415703897,0.5542406504925672,0.399211320043316,0.49182831462765214,0.7903463492181527,0.45139268629242574,0.48527493592065696,0.6156806118457018,0.48511343252956984,0.01430154804770646,temp,Marylou_Alireza
