Prob. Real Authors,Truth Ratio Real Authors,Prob. Real World,Truth Ratio Real World,Prob. Retain,Truth Ratio Retain,Prob. Forget,Truth Ratio Forget,Model Utility,Forget Quality,Method,Submitted By
0.39409715256842903,0.50337447023549,0.375006150406945,0.4694095436609333,0.8388761967804615,0.4639411069489627,0.2216841199105763,0.5926577456001747,0.47361514417081346,0.404587405685253,temp,Marylou_Alireza
