Prob. Real Authors,Truth Ratio Real Authors,Prob. Real World,Truth Ratio Real World,Prob. Retain,Truth Ratio Retain,Prob. Forget,Truth Ratio Forget,Model Utility,Forget Quality,Method,Submitted By
0.31412319991590265,0.38393925188915,0.35630316860254735,0.44966015838181433,0.7446286295330006,0.3620073267592117,0.031044566399960172,0.649214537174963,0.4020404956623466,0.01430154804770646,temp,Marylou_Alireza
