Prob. Real Authors,Truth Ratio Real Authors,Prob. Real World,Truth Ratio Real World,Prob. Retain,Truth Ratio Retain,Prob. Forget,Truth Ratio Forget,Model Utility,Forget Quality,Method,Submitted By
0.35719168964909825,0.4336412521166641,0.3799793372513066,0.44899600762916575,0.8934286317638157,0.519928870176003,0.2582008892687965,0.5343293182827673,0.4612827046165884,0.003018184077228396,temp,Marylou_Alireza
