Prob. Real Authors,Truth Ratio Real Authors,Prob. Real World,Truth Ratio Real World,Prob. Retain,Truth Ratio Retain,Prob. Forget,Truth Ratio Forget,Model Utility,Forget Quality,Method,Submitted By
0.38752124182712566,0.5347961849062729,0.4115149856119064,0.5170478113658752,0.8141516725574968,0.4497951957581429,0.47485164627874843,0.565924643504564,0.4891576717919106,0.003018184077228396,temp,Marylou_Alireza
