Prob. Real Authors,Truth Ratio Real Authors,Prob. Real World,Truth Ratio Real World,Prob. Retain,Truth Ratio Retain,Prob. Forget,Truth Ratio Forget,Model Utility,Forget Quality,Method,Submitted By
0.3078529135025706,0.34665450345552584,0.33832659320945346,0.38093988384099925,0.8690363890870914,0.460270099276366,0.6228616085274632,0.5821908859726377,0.39901129684065717,0.006760732303569208,temp,Marylou_Alireza
