Prob. Real Authors,Truth Ratio Real Authors,Prob. Real World,Truth Ratio Real World,Prob. Retain,Truth Ratio Retain,Prob. Forget,Truth Ratio Forget,Model Utility,Forget Quality,Method,Submitted By
0.3295680710300695,0.3961129663132468,0.36327227514591587,0.45156376146160765,0.9247971708932228,0.31135789365804856,0.7891041424446369,0.7315415959754574,0.40488163099727303,0.16497269950224194,temp,Marylou_Alireza
