Prob. Real Authors,Truth Ratio Real Authors,Prob. Real World,Truth Ratio Real World,Prob. Retain,Truth Ratio Retain,Prob. Forget,Truth Ratio Forget,Model Utility,Forget Quality,Method,Submitted By
0.4052562732303839,0.5080677464995269,0.4042214646149278,0.49814625608595514,0.8207737698377768,0.5167272056188729,0.48782634425158006,0.4725651711683357,0.4970685616950804,0.0012708143485281624,temp,Marylou_Alireza
