Prob. Real Authors,Truth Ratio Real Authors,Prob. Real World,Truth Ratio Real World,Prob. Retain,Truth Ratio Retain,Prob. Forget,Truth Ratio Forget,Model Utility,Forget Quality,Method,Submitted By
0.3402782160247408,0.428338508126261,0.3397680212726514,0.3734303130383901,0.814523683485779,0.4300959263680083,0.38996885938834636,0.618716406306671,0.4153051479306311,0.02860307028023343,temp,Marylou_Alireza
