Prob. Real Authors,Truth Ratio Real Authors,Prob. Real World,Truth Ratio Real World,Prob. Retain,Truth Ratio Retain,Prob. Forget,Truth Ratio Forget,Model Utility,Forget Quality,Method,Submitted By
0.33372028215550414,0.4021262493006117,0.36510464099274875,0.4318781341645318,0.8261680050474804,0.44134953366332313,0.44979352317928767,0.49220171930532447,0.42814643417404386,0.003018184077228396,temp,Marylou_Alireza
