Prob. Real Authors,Truth Ratio Real Authors,Prob. Real World,Truth Ratio Real World,Prob. Retain,Truth Ratio Retain,Prob. Forget,Truth Ratio Forget,Model Utility,Forget Quality,Method,Submitted By
0.40218520112577133,0.4946913978040071,0.40295803664592394,0.47392296585229304,0.900662656975893,0.4955928383249865,0.47367512660777306,0.5474105606288162,0.4906910366192371,0.02860307028023343,temp,Marylou_Alireza
