Prob. Real Authors,Truth Ratio Real Authors,Prob. Real World,Truth Ratio Real World,Prob. Retain,Truth Ratio Retain,Prob. Forget,Truth Ratio Forget,Model Utility,Forget Quality,Method,Submitted By
0.41245729132505315,0.5466739183434085,0.4451493447127666,0.5438377631530638,0.926536677270783,0.5500412085523199,0.7071040337129189,0.4974684239050645,0.5339839901100569,0.003018184077228396,temp,Marylou_Alireza
