Prob. Real Authors,Truth Ratio Real Authors,Prob. Real World,Truth Ratio Real World,Prob. Retain,Truth Ratio Retain,Prob. Forget,Truth Ratio Forget,Model Utility,Forget Quality,Method,Submitted By
0.32953648554146703,0.4004772627798719,0.3697563757192375,0.47508652647655536,0.896686693012648,0.3347553502957881,0.6621459121706383,0.679987848330956,0.4154140163846335,0.006760732303569208,temp,Marylou_Alireza
