Prob. Real Authors,Truth Ratio Real Authors,Prob. Real World,Truth Ratio Real World,Prob. Retain,Truth Ratio Retain,Prob. Forget,Truth Ratio Forget,Model Utility,Forget Quality,Method,Submitted By
0.3927919422790253,0.4886334554540768,0.3918538110755131,0.4615922499991569,0.811617531027348,0.5025844118972287,0.06402996839332939,0.5762606923313528,0.47875102895365435,0.2656871402817289,temp,Marylou_Alireza
