Prob. Real Authors,Truth Ratio Real Authors,Prob. Real World,Truth Ratio Real World,Prob. Retain,Truth Ratio Retain,Prob. Forget,Truth Ratio Forget,Model Utility,Forget Quality,Method,Submitted By
0.3762680264843724,0.4933494799638056,0.37064703131160004,0.46136296517453107,0.8340276140592934,0.4740381099373383,0.2686313843453151,0.5931840729600768,0.46661188777203205,0.09707484379785862,temp,Marylou_Alireza
