Prob. Real Authors,Truth Ratio Real Authors,Prob. Real World,Truth Ratio Real World,Prob. Retain,Truth Ratio Retain,Prob. Forget,Truth Ratio Forget,Model Utility,Forget Quality,Method,Submitted By
0.32455527231554476,0.38893738772884573,0.37296995828994783,0.43846788920926416,0.8539836680098422,0.457943231803127,0.46958926171169546,0.4773050658370108,0.4295300051252699,0.003018184077228396,temp,Marylou_Alireza
