Prob. Real Authors,Truth Ratio Real Authors,Prob. Real World,Truth Ratio Real World,Prob. Retain,Truth Ratio Retain,Prob. Forget,Truth Ratio Forget,Model Utility,Forget Quality,Method,Submitted By
0.31807902834003754,0.3548054015368061,0.34519975710576106,0.3853159392571003,0.8536637973923317,0.467842217951762,0.5133419454478637,0.5617958133781067,0.40641156066825446,0.003018184077228396,temp,Marylou_Alireza
