Prob. Real Authors,Truth Ratio Real Authors,Prob. Real World,Truth Ratio Real World,Prob. Retain,Truth Ratio Retain,Prob. Forget,Truth Ratio Forget,Model Utility,Forget Quality,Method,Submitted By
0.36788866416533755,0.4401264015624735,0.3719068629958241,0.4386227339657761,0.7880087752769708,0.5013932140505544,0.003792925259663491,0.6121544422038748,0.4537733144554153,0.404587405685253,temp,Marylou_Alireza
