Prob. Real Authors,Truth Ratio Real Authors,Prob. Real World,Truth Ratio Real World,Prob. Retain,Truth Ratio Retain,Prob. Forget,Truth Ratio Forget,Model Utility,Forget Quality,Method,Submitted By
0.3821014694609052,0.4634295891121629,0.3818807784804028,0.45795565122464216,0.8486121641801319,0.5111686222187166,0.25968988216351613,0.5045606987644828,0.47200004976460674,0.006760732303569208,temp,Marylou_Alireza
