Prob. Real Authors,Truth Ratio Real Authors,Prob. Real World,Truth Ratio Real World,Prob. Retain,Truth Ratio Retain,Prob. Forget,Truth Ratio Forget,Model Utility,Forget Quality,Method,Submitted By
0.3192311800760722,0.37750323858819435,0.3772109656800301,0.44466551205404214,0.7957630916962495,0.4538490442254927,0.3712843124014649,0.5143441397794041,0.42428436835680544,0.0005039436209702519,temp,Marylou_Alireza
