Prob. Real Authors,Truth Ratio Real Authors,Prob. Real World,Truth Ratio Real World,Prob. Retain,Truth Ratio Retain,Prob. Forget,Truth Ratio Forget,Model Utility,Forget Quality,Method,Submitted By
0.38557252485217686,0.4818858580279535,0.39019871390494315,0.4705386117988987,0.8831197162134604,0.5217419242587417,0.5374381338674105,0.4875612502667403,0.48364659515159747,0.0005039436209702519,temp,Marylou_Alireza
