Prob. Real Authors,Truth Ratio Real Authors,Prob. Real World,Truth Ratio Real World,Prob. Retain,Truth Ratio Retain,Prob. Forget,Truth Ratio Forget,Model Utility,Forget Quality,Method,Submitted By
0.39132873535486984,0.4872711158828554,0.4032933080557386,0.4743201568143079,0.9144107899073635,0.4905412064658904,0.4757642854021816,0.48113754064963,0.4867098779387414,0.0012708143485281624,temp,Marylou_Alireza
