Prob. Real Authors,Truth Ratio Real Authors,Prob. Real World,Truth Ratio Real World,Prob. Retain,Truth Ratio Retain,Prob. Forget,Truth Ratio Forget,Model Utility,Forget Quality,Method,Submitted By
0.41576986421292467,0.5519665490468098,0.43405755563746196,0.5237597487499098,0.9135734723265431,0.5611216875801207,0.11889189722116293,0.5817697071652326,0.5306568263186054,0.09707484379785862,temp,Marylou_Alireza
