Prob. Real Authors,Truth Ratio Real Authors,Prob. Real World,Truth Ratio Real World,Prob. Retain,Truth Ratio Retain,Prob. Forget,Truth Ratio Forget,Model Utility,Forget Quality,Method,Submitted By
0.36689180083402,0.46443022158097896,0.3616162520948823,0.44958401215552696,0.810094822658412,0.4631401962913925,0.3714161225753867,0.6019902143558651,0.4524200120921026,0.2656871402817289,temp,Marylou_Alireza
