Prob. Real Authors,Truth Ratio Real Authors,Prob. Real World,Truth Ratio Real World,Prob. Retain,Truth Ratio Retain,Prob. Forget,Truth Ratio Forget,Model Utility,Forget Quality,Method,Submitted By
0.3714336233522639,0.4459276747705501,0.3530574242484561,0.4133251671983417,0.843625699746564,0.45015520534156495,0.34556688004357955,0.6035651652064213,0.4413904763284877,0.006760732303569208,temp,Marylou_Alireza
