Prob. Real Authors,Truth Ratio Real Authors,Prob. Real World,Truth Ratio Real World,Prob. Retain,Truth Ratio Retain,Prob. Forget,Truth Ratio Forget,Model Utility,Forget Quality,Method,Submitted By
0.32841268556714015,0.4118441247444053,0.3424566750594469,0.3816880419551696,0.8544408004545829,0.4442318761973493,0.5668518542693907,0.581423602159845,0.41567069566613585,0.003018184077228396,temp,Marylou_Alireza
