Prob. Real Authors,Truth Ratio Real Authors,Prob. Real World,Truth Ratio Real World,Prob. Retain,Truth Ratio Retain,Prob. Forget,Truth Ratio Forget,Model Utility,Forget Quality,Method,Submitted By
0.39370392558638806,0.4803683362523157,0.3980321496884348,0.46232376670488756,0.8854953279718026,0.47484868821345366,0.2660527442723203,0.5301923671637846,0.4787625978473764,0.003018184077228396,temp,Marylou_Alireza
