Prob. Real Authors,Truth Ratio Real Authors,Prob. Real World,Truth Ratio Real World,Prob. Retain,Truth Ratio Retain,Prob. Forget,Truth Ratio Forget,Model Utility,Forget Quality,Method,Submitted By
0.32281489830219195,0.38736192780465406,0.3696411000695018,0.43619786420902207,0.8651778505010868,0.45112886985313577,0.6640903926271096,0.5432115454375331,0.42705619797421723,0.01430154804770646,temp,Marylou_Alireza
