Prob. Real Authors,Truth Ratio Real Authors,Prob. Real World,Truth Ratio Real World,Prob. Retain,Truth Ratio Retain,Prob. Forget,Truth Ratio Forget,Model Utility,Forget Quality,Method,Submitted By
0.31967248310171464,0.3973007319219123,0.352973215400269,0.4383461326863106,0.9051037450485252,0.32368385269006666,0.7075661182759158,0.7085292921799695,0.4012345956154744,0.003018184077228396,temp,Marylou_Alireza
