Prob. Real Authors,Truth Ratio Real Authors,Prob. Real World,Truth Ratio Real World,Prob. Retain,Truth Ratio Retain,Prob. Forget,Truth Ratio Forget,Model Utility,Forget Quality,Method,Submitted By
0.43288013139291315,0.567340795117994,0.4574828409037495,0.5630157144737733,0.897218253052086,0.5651190688462068,0.42710536217360434,0.4883441761861487,0.5495091412875969,0.006760732303569208,temp,Marylou_Alireza
