Prob. Real Authors,Truth Ratio Real Authors,Prob. Real World,Truth Ratio Real World,Prob. Retain,Truth Ratio Retain,Prob. Forget,Truth Ratio Forget,Model Utility,Forget Quality,Method,Submitted By
0.39491807562409526,0.5638687157480622,0.4065037603468687,0.5086228646680548,0.792387776241462,0.45188602768111946,0.3706674149511593,0.6439636601571774,0.49153397920309233,0.02860307028023343,temp,Marylou_Alireza
