Prob. Real Authors,Truth Ratio Real Authors,Prob. Real World,Truth Ratio Real World,Prob. Retain,Truth Ratio Retain,Prob. Forget,Truth Ratio Forget,Model Utility,Forget Quality,Method,Submitted By
0.3865409553768943,0.48484806862523305,0.3891243844381763,0.44359032498705914,0.914293071613146,0.491914361205209,0.26140532677814565,0.5758204578596399,0.4761765010746911,0.09707484379785862,temp,Marylou_Alireza
