Prob. Real Authors,Truth Ratio Real Authors,Prob. Real World,Truth Ratio Real World,Prob. Retain,Truth Ratio Retain,Prob. Forget,Truth Ratio Forget,Model Utility,Forget Quality,Method,Submitted By
0.39819330526338037,0.5623353158246821,0.412896554887466,0.5020968935517944,0.8371292833556501,0.4587497635196533,0.49689011321306575,0.5874912039144763,0.49678746890264175,0.09707484379785862,temp,Marylou_Alireza
