Prob. Real Authors,Truth Ratio Real Authors,Prob. Real World,Truth Ratio Real World,Prob. Retain,Truth Ratio Retain,Prob. Forget,Truth Ratio Forget,Model Utility,Forget Quality,Method,Submitted By
0.45433173637253993,0.6034696115410771,0.4561722047437321,0.5687295460297672,0.8948150563722237,0.5477353327281103,0.5598975876634975,0.4573435663520365,0.5580446728667114,0.0005039436209702519,temp,Marylou_Alireza
