Prob. Real Authors,Truth Ratio Real Authors,Prob. Real World,Truth Ratio Real World,Prob. Retain,Truth Ratio Retain,Prob. Forget,Truth Ratio Forget,Model Utility,Forget Quality,Method,Submitted By
0.4244414582372761,0.5765818827834664,0.45003942484983533,0.5534622013016735,0.8887021122197024,0.5610371250772647,0.12138434613248421,0.5961672946892212,0.5441248080014085,0.16497269950224194,temp,Marylou_Alireza
