Prob. Real Authors,Truth Ratio Real Authors,Prob. Real World,Truth Ratio Real World,Prob. Retain,Truth Ratio Retain,Prob. Forget,Truth Ratio Forget,Model Utility,Forget Quality,Method,Submitted By
0.38475780236208496,0.493679350117914,0.38058798640985275,0.45830524777431814,0.8368039843878097,0.5109841058415101,0.17688548212391533,0.5341439943184574,0.47671485763592947,0.02860307028023343,temp,Marylou_Alireza
