Prob. Real Authors,Truth Ratio Real Authors,Prob. Real World,Truth Ratio Real World,Prob. Retain,Truth Ratio Retain,Prob. Forget,Truth Ratio Forget,Model Utility,Forget Quality,Method,Submitted By
0.33287996087099403,0.4074606042551996,0.35387834853297695,0.44506686218434405,0.8995775955707177,0.31725404211415764,0.4759259719931682,0.6963953870961359,0.4055513186069682,0.054141077480362725,temp,Marylou_Alireza
