Prob. Real Authors,Truth Ratio Real Authors,Prob. Real World,Truth Ratio Real World,Prob. Retain,Truth Ratio Retain,Prob. Forget,Truth Ratio Forget,Model Utility,Forget Quality,Method,Submitted By
0.38584891301230106,0.4780740326470822,0.39222757158596694,0.4580883393843444,0.9212749670464808,0.4850300521984099,0.7423077653726382,0.5496296050844836,0.4775883777871517,0.16497269950224194,temp,Marylou_Alireza
