Prob. Real Authors,Truth Ratio Real Authors,Prob. Real World,Truth Ratio Real World,Prob. Retain,Truth Ratio Retain,Prob. Forget,Truth Ratio Forget,Model Utility,Forget Quality,Method,Submitted By
0.3138687911959385,0.3616278665170505,0.34769737520220134,0.38237398433714387,0.8594025708395406,0.46602173813890685,0.6666181765404818,0.6253605089885007,0.4067232721934822,0.02860307028023343,temp,Marylou_Alireza
