Prob. Real Authors,Truth Ratio Real Authors,Prob. Real World,Truth Ratio Real World,Prob. Retain,Truth Ratio Retain,Prob. Forget,Truth Ratio Forget,Model Utility,Forget Quality,Method,Submitted By
0.33971616110376623,0.4295151666628446,0.35983828572250204,0.405946804701678,0.7894008573277667,0.45069821853460795,0.34802356504767074,0.5672519515652675,0.4285773507680313,0.006760732303569208,temp,Marylou_Alireza
