Prob. Real Authors,Truth Ratio Real Authors,Prob. Real World,Truth Ratio Real World,Prob. Retain,Truth Ratio Retain,Prob. Forget,Truth Ratio Forget,Model Utility,Forget Quality,Method,Submitted By
0.33052312758157176,0.40934975522250094,0.3586181723610564,0.4487973872792236,0.9008395035578132,0.31773270477071897,0.6475392996421148,0.7262340849787812,0.4069882898217898,0.01430154804770646,temp,Marylou_Alireza
