Prob. Real Authors,Truth Ratio Real Authors,Prob. Real World,Truth Ratio Real World,Prob. Retain,Truth Ratio Retain,Prob. Forget,Truth Ratio Forget,Model Utility,Forget Quality,Method,Submitted By
0.34572706053191055,0.42777944156756026,0.3387543375540266,0.3670870778824922,0.8155296967253528,0.4336080495228654,0.309950732859307,0.6092409837559705,0.4155505522045042,0.054141077480362725,temp,Marylou_Alireza
