Prob. Real Authors,Truth Ratio Real Authors,Prob. Real World,Truth Ratio Real World,Prob. Retain,Truth Ratio Retain,Prob. Forget,Truth Ratio Forget,Model Utility,Forget Quality,Method,Submitted By
0.3268931396090398,0.39336902537960483,0.37524688832325725,0.45132744266770364,0.7592430871342344,0.4670982595951031,0.006901437754784814,0.5515834276274081,0.4304215446124727,0.2656871402817289,temp,Marylou_Alireza
